{
"type": "FeatureCollection",
"name": "C:\\Users\\TierraSYNC\\_PROJECTS\\_AI_Projects\\IDF\\Oyebande_Zones.geojson",
"crs": { "type": "name", "properties": { "name": "urn:ogc:def:crs:OGC:1.3:CRS84" } },
"features": [
{ "type": "Feature", "properties": { "LAYER": "Zone VIIa", "GM_TYPE": "Unknown Area Type", "NAME": "VIIa", "ZONE": "VIIa", "CLOSED": "YES", "BORDER_STY": "Solid", "BORDER_COL": "RGB(0,0,0)", "BORDER_WID": 1, "FILL_STYLE": "Backwards Diagonal Cross-Hatch", "FILL_COLOR": "RGB(128,128,128)", "LABEL_POS": "5.0545956032,11.4049092074", "FONT_NAME": "Times New Roman", "FONT_SIZE": 20, "FONT_COLOR": "RGB(0,0,0)", "FONT_CHARS": 0, "FONT_WEIGH": 700 }, "geometry": { "type": "Polygon", "coordinates": [ [ [ 6.846339253335494, 10.796788233004113 ], [ 6.94489968735928, 10.617618642730418 ], [ 6.839791851076733, 10.564774332078175 ], [ 6.642341697041357, 10.458029969815462 ], [ 6.530895554137394, 10.337233783895158 ], [ 6.454689848194485, 10.254726324302426 ], [ 6.381429594792699, 10.178084131224493 ], [ 6.308713354383721, 10.04000823499028 ], [ 6.267835910452472, 9.984095931025051 ], [ 6.21499034551629, 9.948557987800525 ], [ 6.091759030308121, 9.86269105361807 ], [ 6.001021101487189, 9.780009150535099 ], [ 5.910863499063612, 9.638834640254334 ], [ 5.791707690015993, 9.453533089393604 ], [ 5.636834253206954, 9.272691343508228 ], [ 5.443566705203713, 9.165591638435846 ], [ 5.311739486102963, 9.105817879615641 ], [ 5.086109819553301, 9.021646564342348 ], [ 4.963193035598185, 8.967727920425006 ], [ 4.737097540824313, 8.944740839357017 ], [ 4.516899304544302, 8.927538422622389 ], [ 4.437692314407006, 8.917812876205447 ], [ 4.242787067427901, 8.997090857969143 ], [ 4.076932751552095, 9.09704168079617 ], [ 3.955280388653224, 9.182902595137387 ], [ 3.714508185882762, 9.298995531450732 ], [ 3.543078756255549, 9.366386752519775 ], [ 3.360587216941203, 9.389755891665409 ], [ 3.22856582904573, 9.381790476248803 ], [ 3.152564520871593, 9.371088344592458 ], [ 3.13337095299023, 9.426088995918242 ], [ 3.130849952755183, 9.440338995869521 ], [ 3.136214952816294, 9.462843995877535 ], [ 3.149219953232052, 9.485104995954551 ], [ 3.154557953412795, 9.49290599598819 ], [ 3.162901953753719, 9.497713996053461 ], [ 3.180973954509621, 9.504798996198465 ], [ 3.186303954728541, 9.507084996240273 ], [ 3.194885955045014, 9.515107996299426 ], [ 3.207912955389665, 9.544489996358049 ], [ 3.216036955671699, 9.553891996409543 ], [ 3.226957956012246, 9.571329996469672 ], [ 3.232292956207155, 9.575912996505474 ], [ 3.239731956431483, 9.588532996544359 ], [ 3.249721956752913, 9.602526996600991 ], [ 3.253442956856595, 9.609870996618277 ], [ 3.256057956749953, 9.639734996588437 ], [ 3.263499956972951, 9.65235599662627 ], [ 3.271622957266275, 9.658999996679119 ], [ 3.279967957594412, 9.661736996739718 ], [ 3.291782958079956, 9.661936996830569 ], [ 3.30960895883302, 9.65752599697303 ], [ 3.315169959054067, 9.657741997014226 ], [ 3.336527959775717, 9.676066997141204 ], [ 3.348597960185541, 9.685225997213362 ], [ 3.352104960242322, 9.697395997218644 ], [ 3.350271960120704, 9.705213997192809 ], [ 3.340117959620135, 9.721096997093683 ], [ 3.338739959534013, 9.725925997075779 ], [ 3.328594958997571, 9.745945996968693 ], [ 3.324231958718533, 9.76135399691114 ], [ 3.323342958578606, 9.776752996879313 ], [ 3.329655958685866, 9.798797996890205 ], [ 3.346854959251919, 9.817594996985862 ], [ 3.356843959594551, 9.825841997044726 ], [ 3.370763960108462, 9.830858997135845 ], [ 3.390023960805553, 9.838158997258725 ], [ 3.423902962001362, 9.850697997468171 ], [ 3.456387963119028, 9.861170997663045 ], [ 3.474707963754853, 9.863181997775401 ], [ 3.481193963988657, 9.861781997817808 ], [ 3.499960964653554, 9.858044997938153 ], [ 3.511316965040697, 9.857317998007307 ], [ 3.51711996522139, 9.859825998037916 ], [ 3.529645965624236, 9.862081998107923 ], [ 3.538941965891864, 9.869174998151014 ], [ 3.547552966121042, 9.879027998185496 ], [ 3.548022966126902, 9.880864998185411 ], [ 3.551039966218525, 9.882003998200849 ], [ 3.562677966523789, 9.895521998246211 ], [ 3.564314966555398, 9.899652998249199 ], [ 3.564138966468466, 9.915971998223901 ], [ 3.571125966644621, 9.925369998248868 ], [ 3.595776967320077, 9.94573599835358 ], [ 3.602310967466637, 9.957433998371478 ], [ 3.60888696755863, 9.980851998372225 ], [ 3.61149196756744, 9.996011998363901 ], [ 3.611393967545632, 9.999999998357563 ], [ 3.611086967476921, 10.012561998337597 ], [ 3.612045967466508, 10.0210619983303 ], [ 3.610971967319124, 10.045197998289423 ], [ 3.611496967253896, 10.06243499826715 ], [ 3.615720967321753, 10.075979998269959 ], [ 3.623651967512342, 10.087901998294623 ], [ 3.629239967660508, 10.093167998316328 ], [ 3.63621196785879, 10.096589998347671 ], [ 3.640857967994334, 10.097950998369726 ], [ 3.646439968147134, 10.101607998393133 ], [ 3.658278968496065, 10.103170998451025 ], [ 3.662933968617494, 10.107060998468866 ], [ 3.668096968702844, 10.122440998472744 ], [ 3.673276968769543, 10.142187998470407 ], [ 3.676087968821541, 10.149301998474225 ], [ 3.675881968786333, 10.155968998463752 ], [ 3.678950968816989, 10.169747998459394 ], [ 3.678054968753361, 10.178255998442923 ], [ 3.672505968563961, 10.183793998407538 ], [ 3.655331968044504, 10.184090998320601 ], [ 3.646299967743577, 10.189410998266737 ], [ 3.623177966904936, 10.214092998110312 ], [ 3.612527966527547, 10.221717998042273 ], [ 3.59774196594848, 10.241769997932758 ], [ 3.592210965708889, 10.253282997885538 ], [ 3.584624965346542, 10.275145997811556 ], [ 3.584171965315173, 10.27836599780435 ], [ 3.603150965707544, 10.327489997839235 ], [ 3.614398965943315, 10.355721997860469 ], [ 3.626307966249191, 10.373609997899383 ], [ 3.630057966327038, 10.383019997906146 ], [ 3.633800966414323, 10.390362997915719 ], [ 3.634521966406338, 10.397025997910134 ], [ 3.632727966265059, 10.414502997875884 ], [ 3.631808966221825, 10.417265997867057 ], [ 3.637653966364332, 10.427587997883661 ], [ 3.646043966601805, 10.435142997917378 ], [ 3.665820967199056, 10.443112998008955 ], [ 3.687708967826169, 10.456360998101308 ], [ 3.695133968066555, 10.453802998141743 ], [ 3.716463968760912, 10.442682998261049 ], [ 3.730599969216658, 10.433889998340424 ], [ 3.749842969813779, 10.424384998442983 ], [ 3.760737970147017, 10.418592998500555 ], [ 3.76932097039933, 10.415797998542999 ], [ 3.775571970593223, 10.410714998577758 ], [ 3.786001970901073, 10.405382998630941 ], [ 3.799169971118102, 10.442796998637592 ], [ 3.802016971142734, 10.456806998630995 ], [ 3.801167971048834, 10.475660998601986 ], [ 3.800976971007288, 10.485316998588214 ], [ 3.806163971082417, 10.502995998586824 ], [ 3.814867971226605, 10.527785998590861 ], [ 3.820032971322243, 10.539717998596858 ], [ 3.831778971532382, 10.568631998607771 ], [ 3.848370971900801, 10.588787998649615 ], [ 3.850975971930378, 10.599811998645734 ], [ 3.851700971928354, 10.605785998640822 ], [ 3.851036971884005, 10.613375998628129 ], [ 3.848021971610935, 10.667644998544528 ], [ 3.845479971531199, 10.670875998529818 ], [ 3.843949971410664, 10.692952998494548 ], [ 3.840978971286925, 10.704921998466533 ], [ 3.833104971044756, 10.712313998423879 ], [ 3.812687970435607, 10.723208998322432 ], [ 3.797158969946032, 10.735461998238325 ], [ 3.784447969501725, 10.754599998156296 ], [ 3.778475969254409, 10.772556998105504 ], [ 3.772477969027764, 10.784537998062248 ], [ 3.760916968610495, 10.801370997986472 ], [ 3.757459968472847, 10.809201997959921 ], [ 3.752833968304113, 10.815658997929598 ], [ 3.749383968156357, 10.825559997900124 ], [ 3.749200968100852, 10.837515997883363 ], [ 3.75485996819915, 10.856114997885461 ], [ 3.764037968378611, 10.881367997895133 ], [ 3.768996968459835, 10.898820997895228 ], [ 3.771175968444491, 10.919043997878761 ], [ 3.771223968398253, 10.930769997863573 ], [ 3.767582968203801, 10.950787997820344 ], [ 3.766238968110974, 10.963209997797765 ], [ 3.758701967728356, 10.998419997716065 ], [ 3.751767967456411, 11.010633997667002 ], [ 3.736203966917779, 11.018975997580675 ], [ 3.730161966708754, 11.021529997547637 ], [ 3.71899196633167, 11.023184997489945 ], [ 3.716901966256799, 11.024342997477943 ], [ 3.71717596622016, 11.03468799746563 ], [ 3.721166966317042, 11.042949997474704 ], [ 3.724017966348451, 11.05742399746984 ], [ 3.723124966276143, 11.067083997452668 ], [ 3.720361966148984, 11.074912997428523 ], [ 3.719475966069282, 11.086182997409235 ], [ 3.723979966132593, 11.106168997405529 ], [ 3.727518966201025, 11.117649997408135 ], [ 3.725913966118697, 11.124094997391666 ], [ 3.717544965818871, 11.127807997344743 ], [ 3.70846196550689, 11.128073997298223 ], [ 3.691926964932344, 11.128138997212677 ], [ 3.667546963970394, 11.148007997056796 ], [ 3.625979962253837, 11.18265599677955 ], [ 3.580222960249902, 11.221450996457536 ], [ 3.567445959669898, 11.232071996364793 ], [ 3.553741959029765, 11.244765996261998 ], [ 3.540028958392223, 11.254929996160966 ], [ 3.495873956234135, 11.292325995817874 ], [ 3.50109695628507, 11.322659995811103 ], [ 3.513866956514535, 11.379872995817887 ], [ 3.535630956916225, 11.476375995829992 ], [ 3.549153957116649, 11.545311995824886 ], [ 3.561240957329092, 11.60160599582726 ], [ 3.565959957450015, 11.616995995836856 ], [ 3.578182957838254, 11.64339699587908 ], [ 3.586396958122191, 11.656704995912808 ], [ 3.591593958248595, 11.674621995921456 ], [ 3.600055958519577, 11.69183699595095 ], [ 3.600521958537026, 11.692313995953176 ], [ 3.605073958707083, 11.696974995974863 ], [ 3.606262958751397, 11.698190995980507 ], [ 3.610127958895085, 11.702147995998775 ], [ 3.632543959747313, 11.719598996109839 ], [ 3.654611960555886, 11.739233996212645 ], [ 3.679194961449903, 11.758453996326734 ], [ 3.679447961435083, 11.763512996321712 ], [ 3.6713959609584, 11.794585996237279 ], [ 3.671179960925588, 11.799415996229934 ], [ 3.66585196065396, 11.810472996185801 ], [ 3.650013959947976, 11.821111996081513 ], [ 3.634173959230016, 11.831287995975812 ], [ 3.626730958870161, 11.839363995921204 ], [ 3.622575958621634, 11.85248699587947 ], [ 3.62123295847733, 11.868586995850732 ], [ 3.617669958061848, 11.916887995767301 ], [ 3.6193359580889, 11.925389995766542 ], [ 3.625424958331467, 11.9297369957978 ], [ 3.647235959146639, 11.953339995897442 ], [ 3.666700959866374, 11.973270995985116 ], [ 3.668821959931773, 11.977860995991492 ], [ 3.667938959824859, 11.991660995969156 ], [ 3.657085959191416, 12.025733995863845 ], [ 3.647176958569514, 12.06325199575873 ], [ 3.64255295829639, 12.076836995714295 ], [ 3.630780957561147, 12.117119995593107 ], [ 3.634376957590733, 12.141479995584316 ], [ 3.635164957497612, 12.165390995559177 ], [ 3.638062957493069, 12.190443995545413 ], [ 3.636929957389175, 12.200335995526268 ], [ 3.649249957711973, 12.243286995546914 ], [ 3.657528957947398, 12.268548995564883 ], [ 3.655238957776618, 12.281663995535192 ], [ 3.654018957463555, 12.330644995467789 ], [ 3.649705957081486, 12.365840995398884 ], [ 3.649794956957975, 12.389752995370166 ], [ 3.647658956666747, 12.425863995313215 ], [ 3.647373956627711, 12.430689995305599 ], [ 3.64732995660712, 12.434145995301131 ], [ 3.647191956542711, 12.444945995287132 ], [ 3.644231956286417, 12.467030995242283 ], [ 3.643379956123468, 12.489795995209414 ], [ 3.641324955951009, 12.503828995179804 ], [ 3.642555955920107, 12.520148995167537 ], [ 3.688824957838901, 12.559288995395606 ], [ 3.695874958120296, 12.565928995428239 ], [ 3.702211958382073, 12.569812995459758 ], [ 3.71443395886146, 12.58149099551483 ], [ 3.72172495913962, 12.589507995545972 ], [ 3.732293959558052, 12.59728299559502 ], [ 3.745215960058759, 12.607805995652797 ], [ 3.771067961036022, 12.630000995763821 ], [ 3.817840962747733, 12.668655995955804 ], [ 3.833343963309053, 12.678704996019645 ], [ 3.862725964333554, 12.701334996132642 ], [ 3.866492964457771, 12.705456996145401 ], [ 3.876124964791559, 12.711389996182817 ], [ 3.927608966495447, 12.749314996367016 ], [ 3.932325966636233, 12.755730996379915 ], [ 3.942207966947145, 12.764189996412094 ], [ 3.964877967590604, 12.800175996465919 ], [ 3.971262967764139, 12.811869996478954 ], [ 4.000325968562556, 12.859085996542538 ], [ 4.00646996872917, 12.868940996555633 ], [ 4.018496969069193, 12.883133996586237 ], [ 4.024643969231608, 12.893448996598368 ], [ 4.030796969390413, 12.904681996609376 ], [ 4.049680969902878, 12.929413996652498 ], [ 4.051560969958176, 12.930323996658339 ], [ 4.068108970386676, 12.955985996690506 ], [ 4.096462971117155, 12.996066996747063 ], [ 4.101740971209112, 13.018107996742067 ], [ 4.112101971368231, 13.068857996724399 ], [ 4.115943971434414, 13.085158996720416 ], [ 4.12183997154197, 13.108013996716481 ], [ 4.127744971622886, 13.140495996702654 ], [ 4.129664971656884, 13.14830199670098 ], [ 4.128229971510462, 13.186008996657765 ], [ 4.129065971468363, 13.209911996636178 ], [ 4.129249971143254, 13.32829199651702 ], [ 4.128838971100716, 13.339097996504776 ], [ 4.12995297104569, 13.370582996476868 ], [ 4.128688970813641, 13.439544996403715 ], [ 4.127574970749324, 13.450353996389225 ], [ 4.130013970777323, 13.46665999638115 ], [ 4.130280970768584, 13.472633996376103 ], [ 4.173042972031102, 13.473315996513826 ], [ 4.181959972290619, 13.471657996543263 ], [ 4.197480972721159, 13.474326996588193 ], [ 4.197473972723875, 13.473177996589294 ], [ 4.212102973101226, 13.484126996622441 ], [ 4.248241973994424, 13.516553996695432 ], [ 4.293124975058027, 13.555358996780635 ], [ 4.307295975384116, 13.566993996806595 ], [ 4.321238975698011, 13.579319996830622 ], [ 4.324299975770001, 13.580219996837522 ], [ 4.3493679763154, 13.604655996876584 ], [ 4.40254397743592, 13.649136996959518 ], [ 4.411061977606686, 13.657584996970728 ], [ 4.434697978079332, 13.676735997004647 ], [ 4.459293978554861, 13.698176997036731 ], [ 4.46473797865745, 13.703426997043126 ], [ 4.47815097892567, 13.704945997069089 ], [ 4.48005097895926, 13.707690997070383 ], [ 4.531614979938845, 13.717681997161 ], [ 4.55021398027681, 13.720770997192275 ], [ 4.554935980358598, 13.723494997198275 ], [ 4.567404980580853, 13.724327997219675 ], [ 4.583889980866031, 13.727658997245268 ], [ 4.594720981050256, 13.729649997261877 ], [ 4.616154981406074, 13.734323997293165 ], [ 4.626285981570136, 13.737007997307112 ], [ 4.672433982295054, 13.74448599737174 ], [ 4.698810982688594, 13.749344997405885 ], [ 4.727073983094338, 13.754877997440413 ], [ 4.742613983311358, 13.757287997459208 ], [ 4.750158983413804, 13.759756997466972 ], [ 4.773006983720407, 13.76417799749253 ], [ 4.787135983905625, 13.766366997508282 ], [ 4.853326984723717, 13.778941997574744 ], [ 4.870760984926489, 13.782477997590687 ], [ 4.876110984993629, 13.775310997602828 ], [ 4.89828098525931, 13.754447997644712 ], [ 4.909518985387153, 13.748609997661392 ], [ 4.944070985756541, 13.746485997697167 ], [ 4.974384986065608, 13.743702997727771 ], [ 4.987076986190612, 13.742906997739825 ], [ 4.99999998631579, 13.741390997752477 ], [ 5.001876986333762, 13.741170997754292 ], [ 5.011288986422231, 13.741779997761785 ], [ 5.030364986596822, 13.744832997774981 ], [ 5.05389498680648, 13.746237997792649 ], [ 5.089448987108185, 13.750979997815559 ], [ 5.105924987242825, 13.752441997826272 ], [ 5.128709987425292, 13.749479997844928 ], [ 5.135068987474344, 13.750571997848327 ], [ 5.147966987574542, 13.746548997860581 ], [ 5.16464598769993, 13.744557997873288 ], [ 5.1717149877513, 13.746101997876453 ], [ 5.179936987811216, 13.745107997882556 ], [ 5.184391987843621, 13.743687997886596 ], [ 5.20250698797104, 13.74443999789704 ], [ 5.233790988182767, 13.745067997914829 ], [ 5.270487988417803, 13.746099997934135 ], [ 5.28666398851323, 13.764790997926108 ], [ 5.293336988551749, 13.773689997921691 ], [ 5.310225988648359, 13.792830997913308 ], [ 5.339508988810314, 13.82793799789658 ], [ 5.354969988893495, 13.844791997888965 ], [ 5.411599989188206, 13.861006997899207 ], [ 5.444395989346938, 13.869868997904453 ], [ 5.449135989369005, 13.873267997903289 ], [ 5.454796989395368, 13.874589997904273 ], [ 5.459259989416114, 13.873854997906578 ], [ 5.486634989539125, 13.881617997909732 ], [ 5.494653989574141, 13.883372997911009 ], [ 5.526511989708617, 13.892006997914205 ], [ 5.583427989931729, 13.867968997952653 ], [ 5.606128990014184, 13.856925997968732 ], [ 5.627215990087637, 13.849115997981276 ], [ 5.733030990413646, 13.803374998046564 ], [ 5.741481990436832, 13.799613998051647 ], [ 5.753157990468219, 13.794416998058624 ], [ 5.800001990587233, 13.777340998082732 ], [ 5.844749990690937, 13.762579998103602 ], [ 5.882452990771055, 13.749041998121607 ], [ 5.885731990777725, 13.747853998123174 ], [ 5.917356990839903, 13.737600998136909 ], [ 5.982696990955728, 13.71567799816501 ], [ 5.990903990969271, 13.713740998167726 ], [ 6.007515990995549, 13.707104998175591 ], [ 6.026015991023877, 13.700904998183214 ], [ 6.042863991048554, 13.694492998190766 ], [ 6.08476799110622, 13.679956998208 ], [ 6.121435128258486, 13.658650644951278 ], [ 6.01446026501897, 13.488254790752904 ], [ 5.922978579166077, 13.232381495034385 ], [ 5.89836435532954, 12.930996328498322 ], [ 5.987204130598548, 12.612392838491566 ], [ 6.075180430463621, 12.339144449883889 ], [ 6.166986017574522, 12.13161374749871 ], [ 6.31557278680082, 11.878227701420613 ], [ 6.46347133795358, 11.666407637965996 ], [ 6.588012157151054, 11.407922163561013 ], [ 6.697723566516093, 11.209482714692239 ], [ 6.793503875540229, 10.96330315116615 ], [ 6.846339253335494, 10.796788233004113 ] ] ] } },
{ "type": "Feature", "properties": { "LAYER": "Zone X", "GM_TYPE": "Unknown Area Type", "NAME": "X", "ZONE": "X", "CLOSED": "YES", "BORDER_STY": "Solid", "BORDER_COL": "RGB(0,0,0)", "BORDER_WID": 1, "FILL_STYLE": "Horizontal Hatch", "FILL_COLOR": "RGB(128,128,128)", "LABEL_POS": "10.9585719599,12.8532268169", "FONT_NAME": "Times New Roman", "FONT_SIZE": 20, "FONT_COLOR": "RGB(0,0,0)", "FONT_CHARS": 0, "FONT_WEIGH": 700 }, "geometry": { "type": "Polygon", "coordinates": [ [ [ 7.331468991523747, 13.101174998785709 ], [ 7.357340991525, 13.099535998787609 ], [ 7.370751991525568, 13.098496998788777 ], [ 7.383416991526483, 13.099050998788393 ], [ 7.400718991528192, 13.10178999878597 ], [ 7.426314991531854, 13.110493998777912 ], [ 7.448992991536268, 13.123031998766118 ], [ 7.453186991536808, 13.124288998764968 ], [ 7.457818991537664, 13.126705998762688 ], [ 7.474181991541475, 13.138391998751654 ], [ 7.484409991542995, 13.142330998747994 ], [ 7.493169991545014, 13.148533998742135 ], [ 7.502231991546395, 13.152211998738697 ], [ 7.505888991547538, 13.155984998735121 ], [ 7.519776991550168, 13.163694998727873 ], [ 7.560259991558042, 13.187252998705722 ], [ 7.578996991561692, 13.198300998695332 ], [ 7.584587991562389, 13.200049998693711 ], [ 7.594266991564628, 13.207191998686987 ], [ 7.602158991565896, 13.210837998683562 ], [ 7.613721991568166, 13.217795998677031 ], [ 7.618796991569297, 13.22137299867366 ], [ 7.62161399156943, 13.221441998673619 ], [ 7.62299499157014, 13.224002998671178 ], [ 7.631793991571394, 13.22744499866797 ], [ 7.640078991573427, 13.23409099866171 ], [ 7.64585299157464, 13.237913998658106 ], [ 7.649585991575052, 13.238924998657176 ], [ 7.650464991575676, 13.241247998654964 ], [ 7.653293991575697, 13.240856998655364 ], [ 7.661356991577601, 13.247036998649532 ], [ 7.71015799158718, 13.276985998621404 ], [ 7.719625991589194, 13.283427998615341 ], [ 7.741615991593345, 13.296384998603195 ], [ 7.746247991594195, 13.299026998600722 ], [ 7.748366991594237, 13.298848998600905 ], [ 7.748989991595078, 13.30208499859784 ], [ 7.752957991595491, 13.30310199859689 ], [ 7.757229991596398, 13.30602299859415 ], [ 7.770741991599266, 13.315263998585463 ], [ 7.78045299160121, 13.321478998579636 ], [ 7.804098991605354, 13.334239998567684 ], [ 7.815502991606912, 13.338654998563582 ], [ 7.824879991607503, 13.339567998562774 ], [ 7.832928991607226, 13.33722999856505 ], [ 7.840466991607324, 13.336488998565802 ], [ 7.848526991606927, 13.333688998568524 ], [ 7.874876991607634, 13.332473998569858 ], [ 7.881762991607185, 13.329644998572602 ], [ 7.891620991607681, 13.33010899857223 ], [ 7.90412499160765, 13.328102998574218 ], [ 7.910711991607828, 13.327797998574553 ], [ 7.916382991607725, 13.326549998575789 ], [ 7.947473991608173, 13.323598998578811 ], [ 7.98655299160807, 13.317230998585176 ], [ 8.006691991608015, 13.313934998588454 ], [ 8.022974991607935, 13.311091998591284 ], [ 8.025837991607599, 13.309317998593007 ], [ 8.033604991607769, 13.308806998593539 ], [ 8.036953991607286, 13.306353998595924 ], [ 8.042605991607358, 13.305793998596505 ], [ 8.046347991607705, 13.306569998595782 ], [ 8.06241699160738, 13.302798998599517 ], [ 8.0675949916075, 13.302457998599872 ], [ 8.078507991606836, 13.298106998604123 ], [ 8.106679991605736, 13.289318998612746 ], [ 8.12640899160415, 13.279875998621952 ], [ 8.145409991602767, 13.271335998630304 ], [ 8.156403991601254, 13.263531998637887 ], [ 8.1581079916007, 13.261039998640301 ], [ 8.164507991600354, 13.258653998642659 ], [ 8.17607499159778, 13.246490998654441 ], [ 8.184483991596155, 13.238627998662096 ], [ 8.191205991594906, 13.232567998667998 ], [ 8.196687991594303, 13.229239998671256 ], [ 8.199586991593574, 13.225853998674555 ], [ 8.21172999159235, 13.218994998681282 ], [ 8.255922991591319, 13.207560998692735 ], [ 8.262423991589905, 13.20080299869934 ], [ 8.27280499158735, 13.188839998711011 ], [ 8.287534991583689, 13.171679998727811 ], [ 8.293984991582786, 13.166991998732419 ], [ 8.307509991581888, 13.161078998738315 ], [ 8.311186991580405, 13.15448899874476 ], [ 8.316079991578512, 13.146082998752984 ], [ 8.327895991575703, 13.13276999876609 ], [ 8.347679991573399, 13.120089998778665 ], [ 8.356261991572381, 13.114526998784182 ], [ 8.365808991568612, 13.097708998800739 ], [ 8.376575991566908, 13.088971998809409 ], [ 8.381156991565817, 13.083779998814553 ], [ 8.38803599156536, 13.080708998817638 ], [ 8.388061991565069, 13.079558998818769 ], [ 8.400721991563296, 13.070170998828118 ], [ 8.415627991560145, 13.054849998843348 ], [ 8.421722991560511, 13.055212998843068 ], [ 8.441997991563012, 13.061635998836994 ], [ 8.468828991566021, 13.068888998830193 ], [ 8.486416991567031, 13.069727998829576 ], [ 8.499372991567121, 13.067704998831708 ], [ 8.515917991566651, 13.062767998836769 ], [ 8.531078991565829, 13.056649998842975 ], [ 8.5446189915647, 13.0495759988501 ], [ 8.56482499156284, 13.038270998861512 ], [ 8.585560991560328, 13.024214998875649 ], [ 8.592986991559014, 13.017468998882405 ], [ 8.598750991557838, 13.011607998888284 ], [ 8.601825991557714, 13.010522998889398 ], [ 8.621286991553619, 12.990223998909768 ], [ 8.631669991550869, 12.977096998922933 ], [ 8.640001991547329, 12.961163998938876 ], [ 8.644580991546206, 12.955737998944336 ], [ 8.644793991543837, 12.946077998953957 ], [ 8.64847999154215, 12.938561998961507 ], [ 8.661515991541316, 12.932621998967607 ], [ 8.671685991540901, 12.928922998971437 ], [ 8.678119991540113, 12.924455998975988 ], [ 8.678099991540343, 12.925374998975075 ], [ 8.690894991539556, 12.919658998980966 ], [ 8.696353991539112, 12.916780998983921 ], [ 8.703638991539338, 12.916242998984565 ], [ 8.709796991538994, 12.913608998987295 ], [ 8.714940991539445, 12.914405998986565 ], [ 8.725772991539525, 12.912558998988576 ], [ 8.760315991537961, 12.89923499900242 ], [ 8.772568991537955, 12.896725999005106 ], [ 8.781249991538383, 12.896672999005302 ], [ 8.787894991537847, 12.893126999008963 ], [ 8.809591991537637, 12.887817999014613 ], [ 8.824522991536661, 12.880758999021925 ], [ 8.830378991537048, 12.881107999021671 ], [ 8.852832991536276, 12.873279999029872 ], [ 8.86063399153598, 12.870444999032843 ], [ 8.870720991536498, 12.870419999033041 ], [ 8.882371991535296, 12.86306099904062 ], [ 8.922516991534257, 12.850288999054126 ], [ 8.934301991534204, 12.847532999057092 ], [ 8.939523991533763, 12.844645999060093 ], [ 8.948963991533576, 12.841842999063068 ], [ 8.956509991533505, 12.839921999065133 ], [ 8.969788991532532, 12.833052999072294 ], [ 8.975409991532912, 12.833393999072031 ], [ 8.983734991534742, 12.839080999066423 ], [ 8.997538991535892, 12.84073399906498 ], [ 9.014700991536333, 12.83877099906724 ], [ 9.060473991538352, 12.83690499906986 ], [ 9.073363991539171, 12.837386999069587 ], [ 9.081152991539014, 12.835006999072128 ], [ 9.093320991540017, 12.836393999070919 ], [ 9.101774991540353, 12.835866999071589 ], [ 9.107415991540522, 12.835285999072273 ], [ 9.138160991541973, 12.834267999073793 ], [ 9.143354991541838, 12.832526999075659 ], [ 9.147078991542395, 12.833978999074247 ], [ 9.159982991543062, 12.833765999074673 ], [ 9.166578991543071, 12.832280999076277 ], [ 9.169424991542849, 12.830725999077913 ], [ 9.17886399154269, 12.827913999080916 ], [ 9.220363991545161, 12.828471999081028 ], [ 9.226022991545115, 12.826968999082659 ], [ 9.229823991544734, 12.824509999085214 ], [ 9.243416991545621, 12.824995999084948 ], [ 9.251414991545778, 12.823766999086331 ], [ 9.258295991545197, 12.819753999090521 ], [ 9.280432991545332, 12.815105999095614 ], [ 9.287997991545014, 12.812025999098887 ], [ 9.291964991545488, 12.813021999097939 ], [ 9.305602991545827, 12.811204999100008 ], [ 9.32738699154741, 12.812529999099025 ], [ 9.346108991548975, 12.814486999097342 ], [ 9.353327991550042, 12.817150999094761 ], [ 9.365283991550797, 12.817371999094727 ], [ 9.381879991552456, 12.820207999092121 ], [ 9.390264991553655, 12.823122999089305 ], [ 9.416323991554854, 12.821757999091121 ], [ 9.429695991555597, 12.821541999091563 ], [ 9.435131991555386, 12.819339999093899 ], [ 9.489235991556516, 12.810652999103681 ], [ 9.513889991557605, 12.809023999105758 ], [ 9.531233991558786, 12.809563999105507 ], [ 9.54673199155946, 12.8084589991069 ], [ 9.553790991559586, 12.807202999108309 ], [ 9.572782991560773, 12.807309999108522 ], [ 9.580745991561406, 12.807910999108042 ], [ 9.590633991561495, 12.805783999110391 ], [ 9.617137991563077, 12.805558999111074 ], [ 9.650238991564654, 12.803605999113639 ], [ 9.665972991568417, 12.815153999102083 ], [ 9.688585991574685, 12.83533399908182 ], [ 9.695456991577304, 12.844424999072652 ], [ 9.71021599158156, 12.858253999058766 ], [ 9.762961991597761, 12.911845999004981 ], [ 9.769898991599552, 12.917485998999362 ], [ 9.776781991602066, 12.926115998990685 ], [ 9.790372991606304, 12.94015099897665 ], [ 9.794327991607005, 12.942058998974762 ], [ 9.803277991610269, 12.95325399896354 ], [ 9.811965991613894, 12.966053998950693 ], [ 9.816586991615145, 12.970042998946717 ], [ 9.832784991622438, 12.996082998920587 ], [ 9.846765991627853, 13.014953998901705 ], [ 9.869397991634301, 13.035807998880978 ], [ 9.872682991634527, 13.035861998880966 ], [ 9.886538991638508, 13.048744998868164 ], [ 9.901127991642154, 13.060029998856988 ], [ 9.912679991645424, 13.070573998846514 ], [ 9.941011991654708, 13.101636998815675 ], [ 9.979028991667194, 13.14343699877422 ], [ 9.981908991668858, 13.14960499876808 ], [ 9.983854991668963, 13.149496998768214 ], [ 9.985450991669735, 13.152283998765444 ], [ 9.991482991671143, 13.156522998761268 ], [ 9.996531991673091, 13.16327599875458 ], [ 9.999999991673821, 13.165362998752528 ], [ 10.016288991677223, 13.17509699874299 ], [ 10.033288991680338, 13.183420998734869 ], [ 10.03952199168226, 13.189732998728637 ], [ 10.049511991684447, 13.196103998722386 ], [ 10.060894991686961, 13.203416998715216 ], [ 10.10005699169375, 13.220830998698279 ], [ 10.122912991697584, 13.230391998688985 ], [ 10.125457991698321, 13.232733998686689 ], [ 10.145516991701692, 13.241098998678556 ], [ 10.161363991704603, 13.248706998671153 ], [ 10.196814991710726, 13.263979998656312 ], [ 10.207086991712362, 13.267817998652593 ], [ 10.250508991715961, 13.269862998650979 ], [ 10.257766991716842, 13.271353998649579 ], [ 10.269288991717506, 13.270608998650426 ], [ 10.288060991719172, 13.271812998649409 ], [ 10.300734991720278, 13.272463998648885 ], [ 10.325375991722495, 13.27398399864761 ], [ 10.335709991723318, 13.274137998647552 ], [ 10.385467991727824, 13.276716998645469 ], [ 10.403308991729427, 13.277438998644904 ], [ 10.413627991730513, 13.278510998643933 ], [ 10.431916991732521, 13.280618998642 ], [ 10.439203991733049, 13.280264998642419 ], [ 10.451864991734482, 13.281828998640972 ], [ 10.466418991735882, 13.282499998640448 ], [ 10.484378991739415, 13.290810998632308 ], [ 10.5334319917482, 13.309225998614393 ], [ 10.546528991750336, 13.313091998610648 ], [ 10.561457991753441, 13.320204998603694 ], [ 10.572209991755329, 13.323806998600192 ], [ 10.58669499175805, 13.329300998594846 ], [ 10.600491991760451, 13.333634998590629 ], [ 10.61706699176383, 13.340766998583661 ], [ 10.65469699177098, 13.3541709985706 ], [ 10.669225991773217, 13.356900998567985 ], [ 10.687310991775352, 13.357378998567633 ], [ 10.704218991777465, 13.358068998567058 ], [ 10.737557991781884, 13.359900998565436 ], [ 10.755176991784136, 13.360138998565306 ], [ 10.791560991789494, 13.36269499856296 ], [ 10.821850991794049, 13.364245998561579 ], [ 10.84909199179825, 13.365293998560659 ], [ 10.86035299180026, 13.366590998559424 ], [ 10.881032991803423, 13.366400998559705 ], [ 10.901449991807164, 13.368275998557907 ], [ 10.911554991808817, 13.368175998558048 ], [ 10.923524991811103, 13.369248998557012 ], [ 10.977293991821549, 13.372233998554169 ], [ 10.985497991823481, 13.373717998552697 ], [ 11.024979991831355, 13.37329299855317 ], [ 11.02499199183114, 13.372373998554089 ], [ 11.034846991833479, 13.37341599855306 ], [ 11.059277991838982, 13.373948998552528 ], [ 11.065129991840717, 13.375630998550845 ], [ 11.068674991841153, 13.374063998552412 ], [ 11.132576991857144, 13.375073998551301 ], [ 11.144076991860475, 13.376132998550206 ], [ 11.166882991866519, 13.375026998551238 ], [ 11.17462499186898, 13.376039998550185 ], [ 11.180985991870509, 13.374734998551466 ], [ 11.205651991878042, 13.375257998550817 ], [ 11.21269499188036, 13.375800998550236 ], [ 11.212706991880136, 13.374881998551162 ], [ 11.28391499190406, 13.374102998551395 ], [ 11.29590099190842, 13.373779998551605 ], [ 11.3022619919105, 13.372473998552847 ], [ 11.302250991910723, 13.373393998551917 ], [ 11.326455991920136, 13.37320999855184 ], [ 11.367589991937106, 13.372065998552443 ], [ 11.395575991949256, 13.370078998554012 ], [ 11.437006991967815, 13.363637998559755 ], [ 11.450889991974568, 13.36194999856118 ], [ 11.464304991981214, 13.360025998562831 ], [ 11.468795991983068, 13.357774998565013 ], [ 11.480093991988873, 13.356057998566479 ], [ 11.485488991992096, 13.356805998565598 ], [ 11.51725499200964, 13.352777998568875 ], [ 11.52218499201272, 13.353060998568465 ], [ 11.522196992012486, 13.3521409985694 ], [ 11.539630992022254, 13.34795699857313 ], [ 11.59063499205036, 13.325261998594499 ], [ 11.60150999205648, 13.319164998600298 ], [ 11.60975499206195, 13.317180998602021 ], [ 11.625568992071921, 13.310443998608278 ], [ 11.637607992079756, 13.305276998613074 ], [ 11.651975992090131, 13.301743998616088 ], [ 11.66139999209709, 13.299309998618176 ], [ 11.665664992099645, 13.295902998621447 ], [ 11.671785992104356, 13.294584998622531 ], [ 11.695593992122605, 13.287004998629182 ], [ 11.728319992150285, 13.279972998634753 ], [ 11.738913992159691, 13.277777998636449 ], [ 11.743870992163817, 13.275526998638476 ], [ 11.751153992170872, 13.275368998638257 ], [ 11.764571992183404, 13.272510998640424 ], [ 11.771859992190633, 13.271892998640642 ], [ 11.77706299219501, 13.268493998643802 ], [ 11.785752992204095, 13.268578998643212 ], [ 11.81022799222918, 13.263985998646387 ], [ 11.81965199223891, 13.261315998648495 ], [ 11.875434992301921, 13.249657998656472 ], [ 11.884625992312639, 13.24652399865897 ], [ 11.884637992312301, 13.245373998660146 ], [ 11.910601992342437, 13.232504998671237 ], [ 11.928781992364307, 13.222782998679671 ], [ 11.935171992371686, 13.217780998684242 ], [ 11.98911399243854, 13.176866998721268 ], [ 11.995019992446604, 13.173240998724403 ], [ 12.011599992468149, 13.158206998738203 ], [ 12.014718992470916, 13.151333998744995 ], [ 12.027027992487728, 13.140861998754499 ], [ 12.040974992507927, 13.130863998763298 ], [ 12.045445992515242, 13.129752998763937 ], [ 12.047354992517448, 13.126549998767041 ], [ 12.073550992558868, 13.1118269987792 ], [ 12.104238992609766, 13.093459998794398 ], [ 12.114125992627827, 13.090324998796332 ], [ 12.118098992636334, 13.092198998793831 ], [ 12.123033992645883, 13.091551998793829 ], [ 12.129845992659405, 13.09114999879329 ], [ 12.131418992666205, 13.100962998782837 ], [ 12.134699992674078, 13.10418899877901 ], [ 12.139401992681924, 13.099364998783358 ], [ 12.142219992687654, 13.099138998783189 ], [ 12.149264992701472, 13.096848998784541 ], [ 12.151140992706013, 13.098462998782574 ], [ 12.149014992704222, 13.105590998775456 ], [ 12.150887992709274, 13.108583998772064 ], [ 12.157696992723535, 13.108134998771513 ], [ 12.161929992730775, 13.10330999877589 ], [ 12.16357499273388, 13.10216199877684 ], [ 12.17037999274925, 13.103782998774099 ], [ 12.173201992754198, 13.100565998777022 ], [ 12.177429992762628, 13.098269998778752 ], [ 12.180237992770968, 13.103795998772533 ], [ 12.187509992788314, 13.106566998768471 ], [ 12.179279992773269, 13.115297998760692 ], [ 12.176924992769985, 13.12035699875579 ], [ 12.178559992775465, 13.125189998750496 ], [ 12.183965992785954, 13.121056998753943 ], [ 12.188426992795737, 13.120371998753932 ], [ 12.194761992810879, 13.122220998750965 ], [ 12.202742992829471, 13.12269199874914 ], [ 12.207206992838989, 13.120397998750779 ], [ 12.210970992845656, 13.114880998755879 ], [ 12.218483992863126, 13.113969998755536 ], [ 12.230229992889013, 13.107772998759938 ], [ 12.233750992897447, 13.10731699875978 ], [ 12.23820299291085, 13.11330399875272 ], [ 12.241252992918985, 13.114687998750714 ], [ 12.256980992958662, 13.114475998748 ], [ 12.265202992977898, 13.109653998751448 ], [ 12.268146992984043, 13.105989998754717 ], [ 12.270374992988723, 13.103217998757168 ], [ 12.272966992992265, 13.095397998764843 ], [ 12.272506992988266, 13.088725998771926 ], [ 12.274859992992145, 13.083206998777239 ], [ 12.277679992998641, 13.080909998779079 ], [ 12.287068993023333, 13.079998998778148 ], [ 12.288476993027624, 13.081150998776662 ], [ 12.288005993026839, 13.08229999877555 ], [ 12.282371993012285, 13.083674998775248 ], [ 12.280489993008327, 13.086203998772977 ], [ 12.287054993028372, 13.091961998765633 ], [ 12.294327993049608, 13.095420998760517 ], [ 12.297378993058279, 13.096113998759158 ], [ 12.307236993085453, 13.095662998757565 ], [ 12.31122899309587, 13.093825998758625 ], [ 12.31663299310908, 13.08899999876253 ], [ 12.322268993124091, 13.086473998763942 ], [ 12.323208993126496, 13.085784998764465 ], [ 12.329781993145113, 13.084869998763969 ], [ 12.334712993158718, 13.083034998764788 ], [ 12.332840993150885, 13.077741998770756 ], [ 12.334017993152793, 13.074290998774131 ], [ 12.336836993159944, 13.071762998776144 ], [ 12.339651993168872, 13.073145998774056 ], [ 12.340814993177251, 13.08418899876219 ], [ 12.343392993185958, 13.086492998759192 ], [ 12.352084993208868, 13.079367998764656 ], [ 12.355370993218424, 13.078448998764848 ], [ 12.361706993238879, 13.080754998760929 ], [ 12.361699993242228, 13.088117998753191 ], [ 12.362401993245337, 13.090187998750855 ], [ 12.365687993255307, 13.089729998750542 ], [ 12.368741993263546, 13.086971998752702 ], [ 12.3694489932648, 13.084901998754701 ], [ 12.368750993259653, 13.078459998761641 ], [ 12.370394993263943, 13.076619998763176 ], [ 12.378140993288001, 13.075934998761999 ], [ 12.396445993347827, 13.077787998755442 ], [ 12.402079993366144, 13.077331998754465 ], [ 12.40043899335919, 13.074109998758274 ], [ 12.404895993375581, 13.07756299875348 ], [ 12.407006993383272, 13.078944998751471 ], [ 12.409823993392575, 13.078716998750963 ], [ 12.418040993418979, 13.075959998751681 ], [ 12.433534993469976, 13.071136998752525 ], [ 12.4426879935024, 13.071601998749461 ], [ 12.452779993538615, 13.071835998746328 ], [ 12.461230993568165, 13.069538998746282 ], [ 12.470856993600506, 13.06333199874997 ], [ 12.476724993621959, 13.062412998749165 ], [ 12.480477993637288, 13.064714998745593 ], [ 12.482587993648394, 13.070697998738627 ], [ 12.479296993641295, 13.08104899872872 ], [ 12.480937993648828, 13.083579998725547 ], [ 12.484223993661573, 13.08404199872405 ], [ 12.495959993706212, 13.082894998721589 ], [ 12.496898993710358, 13.083815998720322 ], [ 12.496427993710221, 13.087035998717079 ], [ 12.491732993692596, 13.088184998717349 ], [ 12.490558993689023, 13.090024998715771 ], [ 12.496893993715569, 13.093707998709894 ], [ 12.492431993700631, 13.098308998706464 ], [ 12.491725993699708, 13.101758998703051 ], [ 12.496416993722226, 13.10981199869309 ], [ 12.494537993716465, 13.112802998690528 ], [ 12.490778993705481, 13.119702998684472 ], [ 12.490777993706077, 13.120852998683263 ], [ 12.494764993725857, 13.128905998673531 ], [ 12.504385993769224, 13.139030998659811 ], [ 12.512131993802532, 13.143173998652935 ], [ 12.518702993832841, 13.14984699864374 ], [ 12.526215993861747, 13.146167998645081 ], [ 12.532083993886543, 13.146858998642346 ], [ 12.537015993906866, 13.146169998641369 ], [ 12.537955993907639, 13.140417998647084 ], [ 12.539598993913936, 13.139267998647727 ], [ 12.542416993926526, 13.140418998645533 ], [ 12.546169993947437, 13.14916099863502 ], [ 12.549925993965912, 13.15330199862934 ], [ 12.553211993980653, 13.154222998627198 ], [ 12.55884599400717, 13.157674998621539 ], [ 12.55414999398876, 13.161354998619366 ], [ 12.55297399398729, 13.167795998613034 ], [ 12.553441993994015, 13.176078998604174 ], [ 12.555552994006231, 13.181369998597871 ], [ 12.565177994055407, 13.193102998582061 ], [ 12.561418994041611, 13.198163998578133 ], [ 12.559071994030717, 13.197243998579955 ], [ 12.55320299400144, 13.191030998588593 ], [ 12.548271993979762, 13.190570998590841 ], [ 12.543574993960553, 13.19241099859058 ], [ 12.540286993948403, 13.195861998588127 ], [ 12.536761993937731, 13.203682998581177 ], [ 12.537465993942785, 13.207363998577074 ], [ 12.5360559939396, 13.212424998572285 ], [ 12.536549993942048, 13.21305599857145 ], [ 12.540605993959245, 13.212830998570256 ], [ 12.547035993980366, 13.20114499858021 ], [ 12.550090993993496, 13.200935998579332 ], [ 12.552886994007249, 13.20371699857543 ], [ 12.553472994018552, 13.219132998559086 ], [ 12.557438994037973, 13.222610998554016 ], [ 12.568213994088014, 13.226136998546362 ], [ 12.57240199410988, 13.231226998539473 ], [ 12.56624999408568, 13.237394998535342 ], [ 12.565992994086116, 13.240152998532555 ], [ 12.574609994130752, 13.249874998519171 ], [ 12.577145994145985, 13.256103998511723 ], [ 12.578931994161332, 13.268306998498325 ], [ 12.581031994172115, 13.270161998495588 ], [ 12.591416994216527, 13.263332998498685 ], [ 12.592325994223266, 13.267479998494 ], [ 12.588738994211443, 13.275965998486557 ], [ 12.589193994214668, 13.277808998484472 ], [ 12.597665994253527, 13.275796998483237 ], [ 12.60940399431043, 13.276566998477717 ], [ 12.618129994350188, 13.271796998479127 ], [ 12.626111994390055, 13.272310998475266 ], [ 12.63380799443334, 13.27972399846429 ], [ 12.640257994477045, 13.297018998443493 ], [ 12.64352199449587, 13.3002609984387 ], [ 12.647042994514246, 13.300514998436904 ], [ 12.6470909945104, 13.294074998443593 ], [ 12.648773994514668, 13.287068998450165 ], [ 12.648308994511597, 13.286031998451449 ], [ 12.650892994523554, 13.283730998452709 ], [ 12.65512099454549, 13.283499998451084 ], [ 12.65981899457155, 13.285567998446828 ], [ 12.66381199459213, 13.284646998446005 ], [ 12.667098994605761, 13.278664998450754 ], [ 12.668272994608888, 13.27383399845527 ], [ 12.669681994615981, 13.273142998455349 ], [ 12.673674994637304, 13.27291199845377 ], [ 12.676493994653468, 13.27429099845102 ], [ 12.689180994733745, 13.290388998428266 ], [ 12.693881994766757, 13.300508998415452 ], [ 12.690595994753961, 13.308791998408385 ], [ 12.692944994770032, 13.313161998402713 ], [ 12.698112994798478, 13.312238998401194 ], [ 12.703751994831256, 13.313386998397247 ], [ 12.709387994860064, 13.308322998399762 ], [ 12.714318994885666, 13.304179998401645 ], [ 12.717607994905087, 13.304638998399529 ], [ 12.721601994929866, 13.306705998395357 ], [ 12.720663994925971, 13.309007998393431 ], [ 12.713853994890126, 13.314531998391066 ], [ 12.714558994895809, 13.316831998388331 ], [ 12.73053399499122, 13.318892998378082 ], [ 12.738286995039509, 13.321419998371431 ], [ 12.742046995064912, 13.325097998365619 ], [ 12.742989995073293, 13.328777998361275 ], [ 12.73852699504835, 13.331771998360503 ], [ 12.737588995044979, 13.334991998357625 ], [ 12.740409995065839, 13.340280998350647 ], [ 12.753337995154897, 13.353615998329875 ], [ 12.754746995162487, 13.352004998330781 ], [ 12.762969995213851, 13.351768998326563 ], [ 12.772368995275308, 13.354062998318977 ], [ 12.78059499533112, 13.357737998310519 ], [ 12.782003995340627, 13.358195998309247 ], [ 12.787409995378251, 13.361182998303047 ], [ 12.794228995429105, 13.368769998291198 ], [ 12.795404995439231, 13.371757998287393 ], [ 12.794231995433886, 13.374979998284719 ], [ 12.797054995456444, 13.379807998278038 ], [ 12.797525995460299, 13.380727998276813 ], [ 12.800344995479387, 13.380955998274915 ], [ 12.805516995517001, 13.384401998268258 ], [ 12.819621995620688, 13.393130998250676 ], [ 12.82103499563326, 13.396580998246211 ], [ 12.819157995623492, 13.400722998243046 ], [ 12.822215995648637, 13.40555099823615 ], [ 12.825272995671337, 13.407157998232597 ], [ 12.826914995679928, 13.403475998235416 ], [ 12.826206995672001, 13.399795998239682 ], [ 12.827848995681151, 13.396804998241784 ], [ 12.83161099570864, 13.397950998238253 ], [ 12.833964995730556, 13.404389998230066 ], [ 12.831624995724328, 13.417273998218127 ], [ 12.829041995708053, 13.4198059982171 ], [ 12.816117995618606, 13.421197998223599 ], [ 12.81517899561373, 13.423267998222022 ], [ 12.816825995626978, 13.425567998218623 ], [ 12.827637995703293, 13.426248998211271 ], [ 12.829755995721818, 13.430615998205415 ], [ 12.832105995738708, 13.430843998203702 ], [ 12.834454995753978, 13.429002998204142 ], [ 12.837979995779239, 13.428998998201919 ], [ 12.838686995786576, 13.431758998198601 ], [ 12.835401995768027, 13.437972998194232 ], [ 12.837755995788676, 13.442570998187957 ], [ 12.841751995818479, 13.443716998184225 ], [ 12.847858995859134, 13.439110998185093 ], [ 12.854438995906914, 13.438414998181551 ], [ 12.861252995955953, 13.436566998178996 ], [ 12.862194995964924, 13.438866998175971 ], [ 12.861727995963367, 13.4411669981739 ], [ 12.856325995927776, 13.446692998171704 ], [ 12.85538899592313, 13.449453998169451 ], [ 12.857037995939979, 13.45497299816264 ], [ 12.861041995976791, 13.463249998151401 ], [ 12.862453995989314, 13.46554899814808 ], [ 12.861279995982432, 13.467849998146471 ], [ 12.853759995926776, 13.46831799815093 ], [ 12.851173995907844, 13.468550998152375 ], [ 12.849295995895526, 13.470391998151687 ], [ 12.852118995919406, 13.474069998146044 ], [ 12.856116995950604, 13.475905998141521 ], [ 12.858470995971631, 13.480043998135677 ], [ 12.865754996023883, 13.477046998133948 ], [ 12.87444599608432, 13.470365998135033 ], [ 12.878441996114805, 13.470131998132551 ], [ 12.879854996128485, 13.473350998128247 ], [ 12.879388996128441, 13.477491998124261 ], [ 12.87351899608883, 13.483938998121577 ], [ 12.872581996085184, 13.488079998117922 ], [ 12.873763996100143, 13.49497999810996 ], [ 12.877056996127257, 13.497045998105575 ], [ 12.891512996236557, 13.493024998099742 ], [ 12.892500996237853, 13.485600998106749 ], [ 12.901199996306598, 13.485191998101019 ], [ 12.906162996342777, 13.481080998101735 ], [ 12.924012996490525, 13.483252998086433 ], [ 12.930531996554157, 13.493409998070998 ], [ 12.937776996621436, 13.50012099805855 ], [ 12.946926996702221, 13.502933998048595 ], [ 12.954171996771281, 13.509643998035973 ], [ 12.958200996801427, 13.50437599803827 ], [ 12.961174996820647, 13.497217998043375 ], [ 12.966397996878577, 13.509481998026443 ], [ 12.97059199692174, 13.515484998016818 ], [ 12.974128996951878, 13.513894998015598 ], [ 12.975800996962638, 13.509533998018782 ], [ 12.986141997056707, 13.509820998009975 ], [ 12.995050997142675, 13.5137799979984 ], [ 13.001162997199865, 13.514043997992943 ], [ 13.004470997227868, 13.511070997993212 ], [ 13.007761997258894, 13.51108899799036 ], [ 13.011976997301698, 13.513871997983808 ], [ 13.026215997456527, 13.530967997953468 ], [ 13.03020599749674, 13.532139997948681 ], [ 13.04176399760391, 13.525530997945088 ], [ 13.046707997652124, 13.524406997941723 ], [ 13.045993997649934, 13.52901399793757 ], [ 13.044952997642728, 13.532006997935401 ], [ 13.047554997679036, 13.541432997923179 ], [ 13.0492029976969, 13.542580997920437 ], [ 13.054839997750532, 13.539350997918561 ], [ 13.057662997780328, 13.540265997914949 ], [ 13.064961997862982, 13.547153997900837 ], [ 13.075542997973542, 13.547364997890442 ], [ 13.079774998017363, 13.546667997887029 ], [ 13.081417998033716, 13.54574499788639 ], [ 13.081884998036319, 13.543673997888092 ], [ 13.075286997956903, 13.534944997903651 ], [ 13.071525997917583, 13.534951997907285 ], [ 13.067521997871619, 13.531048997915219 ], [ 13.067045997862357, 13.527139997919763 ], [ 13.071975997909165, 13.523219997919124 ], [ 13.079731997988587, 13.521595997913293 ], [ 13.083254998023447, 13.519519997912026 ], [ 13.08678199806192, 13.520432997907605 ], [ 13.090768998097882, 13.514675997909681 ], [ 13.093592998130005, 13.516280997905172 ], [ 13.100670998223265, 13.530757997882876 ], [ 13.105616998282645, 13.535348997873049 ], [ 13.122984998456788, 13.51967499787148 ], [ 13.127450998506241, 13.518975997867516 ], [ 13.127455998509342, 13.521505997864855 ], [ 13.125344998489403, 13.524730997863694 ], [ 13.126525998505768, 13.527258997859789 ], [ 13.128643998531109, 13.528403997856335 ], [ 13.12254599847169, 13.536236997854569 ], [ 13.124197998494424, 13.539682997849217 ], [ 13.129839998557749, 13.539211997843729 ], [ 13.133130998595258, 13.539206997840225 ], [ 13.139010998663831, 13.540113997832952 ], [ 13.14560799874903, 13.547231997818301 ], [ 13.148194998779788, 13.54768699781499 ], [ 13.149835998795567, 13.544922997816084 ], [ 13.144411998722056, 13.536653997830713 ], [ 13.145185932398855, 13.53089081855275 ], [ 12.957357302667026, 13.302483969784003 ], [ 12.601141812775127, 13.063780975791559 ], [ 12.288641515423993, 12.888343086192496 ], [ 11.858885440875884, 12.690684298154062 ], [ 11.523392876927435, 12.477498492384981 ], [ 11.217002447377089, 12.318868149362896 ], [ 11.042631777244686, 12.214204390576926 ], [ 10.987232979749701, 12.158767680484733 ], [ 10.935329578203319, 12.169357976304935 ], [ 10.742413436447112, 12.205172581706183 ], [ 10.496567664229007, 12.21237383985061 ], [ 10.270530093646006, 12.25132422834632 ], [ 10.042243390966561, 12.281068691383304 ], [ 9.843199782395256, 12.3162948104323 ], [ 9.664572682194656, 12.339815933096531 ], [ 9.4654235699743, 12.377650391648176 ], [ 9.298432048937936, 12.400914111189302 ], [ 9.014181520520665, 12.452893905617101 ], [ 8.794340196951506, 12.470087955042111 ], [ 8.627257925574758, 12.472787604320921 ], [ 8.36635089524386, 12.486693803723766 ], [ 8.08763912465564, 12.557852878082432 ], [ 7.849958438680122, 12.681611359928592 ], [ 7.570365275566657, 12.852921597015092 ], [ 7.395113987562476, 13.010173191903078 ], [ 7.331933201401751, 13.101145614192433 ], [ 7.331468991523747, 13.101174998785709 ] ] ] } },
{ "type": "Feature", "properties": { "LAYER": "Zone IX", "GM_TYPE": "Unknown Area Type", "NAME": "IX", "ZONE": "IX", "CLOSED": "YES", "BORDER_STY": "Solid", "BORDER_COL": "RGB(0,0,0)", "BORDER_WID": 1, "FILL_STYLE": "Forward Diagonal Cross-Hatch", "FILL_COLOR": "RGB(128,128,128)", "LABEL_POS": "12.6781605609,11.6151938503", "FONT_NAME": "Times New Roman", "FONT_SIZE": 20, "FONT_COLOR": "RGB(0,0,0)", "FONT_CHARS": 0, "FONT_WEIGH": 700 }, "geometry": { "type": "Polygon", "coordinates": [ [ [ 13.112966710056098, 9.516755322150406 ], [ 13.013988026627201, 9.581752319996419 ], [ 12.862815938763335, 9.644680566685988 ], [ 12.635326578953723, 9.684835271310835 ], [ 12.289092221383218, 9.740154902333362 ], [ 12.113402704884265, 9.755939940296972 ], [ 11.89931321149713, 9.734266235631383 ], [ 11.599787897110531, 9.731965457807389 ], [ 11.319186205910945, 9.724557140116817 ], [ 11.033729685600191, 9.707512470759337 ], [ 10.453811300244869, 9.658186527882057 ], [ 10.275406612435827, 9.652997260852962 ], [ 10.204326763647153, 9.654972643310519 ], [ 10.323807240388964, 9.901309961576846 ], [ 10.375973904942247, 10.131693613570496 ], [ 10.414461608504114, 10.408233803961979 ], [ 10.490710694788689, 10.753750203277233 ], [ 10.605343209257478, 11.234094329149116 ], [ 10.767899394001759, 11.818725072738207 ], [ 10.877189643849158, 12.048536628194299 ], [ 11.042631777244686, 12.214204390576926 ], [ 11.217002447377089, 12.318868149362896 ], [ 11.523392876927435, 12.477498492384981 ], [ 11.858885440875884, 12.690684298154062 ], [ 12.288641515423993, 12.888343086192496 ], [ 12.601141812775127, 13.063780975791559 ], [ 12.957357302667026, 13.302483969784003 ], [ 13.145185932398855, 13.53089081855275 ], [ 13.145338998724299, 13.529750997836951 ], [ 13.14202499867149, 13.518026997852887 ], [ 13.143192998681011, 13.51480499785502 ], [ 13.149542998755551, 13.515481997847356 ], [ 13.155178998818075, 13.512709997844066 ], [ 13.158000998851589, 13.512933997840696 ], [ 13.159412998869721, 13.514080997837914 ], [ 13.158009998857764, 13.517763997835591 ], [ 13.161778998907039, 13.521436997827513 ], [ 13.162954998921604, 13.521893997825716 ], [ 13.16272899892444, 13.526264997821359 ], [ 13.165318998957963, 13.52832999781627 ], [ 13.17919899913089, 13.532439997796084 ], [ 13.183900999188159, 13.532199997790883 ], [ 13.18648199921722, 13.530124997790065 ], [ 13.191622999260854, 13.514932997800061 ], [ 13.19490399929613, 13.51078499780057 ], [ 13.198664999342435, 13.510316997796581 ], [ 13.200077999361666, 13.511462997793689 ], [ 13.199850999363717, 13.515143997790075 ], [ 13.198683999353987, 13.518825997787584 ], [ 13.200101999376663, 13.522503997782001 ], [ 13.208339999486306, 13.526625997767722 ], [ 13.209295999508701, 13.534213997758549 ], [ 13.214268999594196, 13.550302997735491 ], [ 13.215681999613961, 13.551450997732545 ], [ 13.218491999643041, 13.546153997734672 ], [ 13.220138999665, 13.546609997732157 ], [ 13.221562999692026, 13.55281699772384 ], [ 13.232148999834292, 13.555322997707936 ], [ 13.237563999910302, 13.558299997697924 ], [ 13.241102999965021, 13.563581997687818 ], [ 13.242050999982606, 13.567029997682953 ], [ 13.241353999978124, 13.570480997680205 ], [ 13.238535999942664, 13.572098997682106 ], [ 13.233126999870008, 13.57165099768946 ], [ 13.23242599986329, 13.573492997688403 ], [ 13.235507999920014, 13.584756997672621 ], [ 13.239744999978935, 13.586355997665523 ], [ 13.251723000132763, 13.580577997656112 ], [ 13.254783000175898, 13.581489997651135 ], [ 13.257141000212565, 13.584474997644882 ], [ 13.256914000214426, 13.587924997641542 ], [ 13.264215000322052, 13.592506997627014 ], [ 13.265160000337547, 13.594114997624056 ], [ 13.262114000301914, 13.598721997623253 ], [ 13.254819000198577, 13.596899997634827 ], [ 13.254136000202779, 13.606331997625791 ], [ 13.252262000181702, 13.609556997624848 ], [ 13.248272000132108, 13.613016997626412 ], [ 13.249924000157625, 13.615082997622084 ], [ 13.257220000261858, 13.617825997609607 ], [ 13.261464000327361, 13.622414997599147 ], [ 13.265013000389624, 13.631145997585207 ], [ 13.269963000465927, 13.635734997573712 ], [ 13.275378000546352, 13.638249997563721 ], [ 13.275146000545101, 13.639630997562577 ], [ 13.271156000493628, 13.643090997564359 ], [ 13.27446000054695, 13.647452997555282 ], [ 13.283173000677811, 13.651570997538988 ], [ 13.293306000836717, 13.659365997516653 ], [ 13.298477000910506, 13.657971997510824 ], [ 13.300375000948049, 13.664176997501595 ], [ 13.298744000933851, 13.670620997497128 ], [ 13.297809000923234, 13.672692997496272 ], [ 13.299459000950071, 13.674298997492246 ], [ 13.30628200105215, 13.674741997482018 ], [ 13.308651001097603, 13.681174997471828 ], [ 13.313596001174881, 13.683001997462746 ], [ 13.314788001203013, 13.689438997454237 ], [ 13.317850001252015, 13.691040997448072 ], [ 13.331261001458644, 13.69146499742776 ], [ 13.334794001516498, 13.693294997420519 ], [ 13.335741001533536, 13.694700997417605 ], [ 13.338765001600104, 13.706561997400541 ], [ 13.341101001642476, 13.710020997393332 ], [ 13.349099001769257, 13.710053997381038 ], [ 13.353784001851446, 13.714443997369154 ], [ 13.362501001987621, 13.711719997358383 ], [ 13.370491002121259, 13.71359299734373 ], [ 13.376152002209126, 13.710396997338012 ], [ 13.392378002483138, 13.711842997310008 ], [ 13.408853002762367, 13.710298997284056 ], [ 13.416151002887279, 13.709178997272792 ], [ 13.430970003149458, 13.709466997246754 ], [ 13.443199003371237, 13.710433997224046 ], [ 13.456841003622426, 13.711176997198564 ], [ 13.465319003776518, 13.709369997184879 ], [ 13.465314003778207, 13.710288997183904 ], [ 13.474958003960181, 13.710555997165619 ], [ 13.542948005308144, 13.710341997030987 ], [ 13.554941005561094, 13.711304997004667 ], [ 13.561298005693207, 13.710175996992305 ], [ 13.581531006128841, 13.71001499694834 ], [ 13.58694400624594, 13.709343996937029 ], [ 13.592113006363228, 13.710740996923928 ], [ 13.607174006698083, 13.709870996890585 ], [ 13.61282300682347, 13.708738996878749 ], [ 13.616581006913609, 13.710590996867982 ], [ 13.634547007329603, 13.710677996825353 ], [ 13.637787007383039, 13.70146199682763 ], [ 13.63872900740518, 13.70146399682535 ], [ 13.662132007882628, 13.669340996803115 ], [ 13.662142007875888, 13.666581996806123 ], [ 13.667338007986462, 13.660618996799672 ], [ 13.670646008056339, 13.656488996795888 ], [ 13.683165008324336, 13.641348996780712 ], [ 13.693094008531849, 13.626430996771537 ], [ 13.702778008742692, 13.614269996759623 ], [ 13.707972008858798, 13.608535996752234 ], [ 13.712214008958728, 13.605557996744228 ], [ 13.715538009018168, 13.596138996745808 ], [ 13.751918009825426, 13.544954996702867 ], [ 13.755467009899748, 13.537835996700835 ], [ 13.761124010038177, 13.533251996689875 ], [ 13.762550010062638, 13.528424996691237 ], [ 13.77435901033377, 13.511667996676067 ], [ 13.780958010497439, 13.505936996663246 ], [ 13.784513010567347, 13.496515996663454 ], [ 13.793710010793927, 13.487110996646818 ], [ 13.799376010927888, 13.479074996638962 ], [ 13.803399011014298, 13.470345996636752 ], [ 13.84187001194613, 13.415242996580346 ], [ 13.849662012135298, 13.402841996569673 ], [ 13.856735012316477, 13.39411799655686 ], [ 13.86122201242468, 13.386308996551266 ], [ 13.865931012554338, 13.382869996539789 ], [ 13.870187012651273, 13.373449996536671 ], [ 13.883390012996008, 13.356689996512053 ], [ 13.884331013024784, 13.356691996508884 ], [ 13.889293013141245, 13.346122996504413 ], [ 13.931968014277549, 13.287332996424356 ], [ 13.935033014358872, 13.282509996419027 ], [ 13.96142801509013, 13.24668099636466 ], [ 13.966848015241816, 13.239100996353393 ], [ 13.974387015455793, 13.22899499633696 ], [ 13.976974015537492, 13.227620996328753 ], [ 13.979806015609377, 13.221415996325382 ], [ 14.002657016268753, 13.19017599627421 ], [ 14.015377016638256, 13.17179799624587 ], [ 14.02503001692968, 13.15985399622142 ], [ 14.030214017076123, 13.150660996211517 ], [ 14.045992017548402, 13.128145996173886 ], [ 14.048348017615385, 13.123778996169399 ], [ 14.051874017734416, 13.121715996157135 ], [ 14.066001018166521, 13.101725996121798 ], [ 14.067653018208844, 13.097357996120127 ], [ 14.072120018358088, 13.093684996105425 ], [ 14.082945018699673, 13.079439996076029 ], [ 14.085435018786926, 13.07805599606683 ], [ 14.08576901878955, 13.075763996068211 ], [ 14.092175018878438, 13.040807996083565 ], [ 14.094783018916401, 13.027008996089283 ], [ 14.097397018941455, 13.01022099609871 ], [ 14.099068018941955, 12.995959996109175 ], [ 14.101185019008609, 12.992971996103487 ], [ 14.104262019062041, 12.978713996107663 ], [ 14.104282019015193, 12.967901996121192 ], [ 14.107356019077484, 12.95571399612278 ], [ 14.117778019236159, 12.902587996142996 ], [ 14.11921301922381, 12.887635996155495 ], [ 14.122044019294222, 12.879357996153145 ], [ 14.123228019310341, 12.872918996155951 ], [ 14.125345019373331, 12.869010996151252 ], [ 14.12796601937263, 12.846698996167746 ], [ 14.13128601940871, 12.826688996178113 ], [ 14.134834019465847, 12.809438996183895 ], [ 14.145020019590715, 12.751477996211314 ], [ 14.145743019563515, 12.739514996223418 ], [ 14.146682019599456, 12.73951599621903 ], [ 14.150461019665959, 12.722496996223402 ], [ 14.151419019650701, 12.71122499623355 ], [ 14.155432019728147, 12.694664996236211 ], [ 14.155676019711935, 12.689143996242251 ], [ 14.157804019744606, 12.678563996246003 ], [ 14.170812019915553, 12.607947996276655 ], [ 14.170825019877109, 12.599665996287474 ], [ 14.177431020000867, 12.571834996292477 ], [ 14.178865019972401, 12.554120996308979 ], [ 14.183825020048392, 12.529737996317312 ], [ 14.190867020276849, 12.520313996295597 ], [ 14.194852020423669, 12.518477996278518 ], [ 14.196965020490914, 12.515259996272418 ], [ 14.195332020406925, 12.51111699628596 ], [ 14.19792202046496, 12.502146996285179 ], [ 14.191136020180192, 12.497996996323975 ], [ 14.186477019929448, 12.483265996366246 ], [ 14.178290019586035, 12.477043996413943 ], [ 14.174788019423572, 12.470826996438936 ], [ 14.179725019558274, 12.459558996430342 ], [ 14.178668019474461, 12.450309996447713 ], [ 14.180567019519914, 12.44463499644619 ], [ 14.190415019908592, 12.447109996395376 ], [ 14.195096020086989, 12.446622996373227 ], [ 14.19788602017843, 12.443154996364212 ], [ 14.195761020081715, 12.440174996378602 ], [ 14.19199901992442, 12.437665996400307 ], [ 14.195246020023086, 12.432123996391907 ], [ 14.195928020032834, 12.428668996393212 ], [ 14.192648019904222, 12.428226996409787 ], [ 14.187270019704593, 12.429639996433959 ], [ 14.18583801962696, 12.424814996447322 ], [ 14.182088019481006, 12.424146996466238 ], [ 14.175763019239616, 12.423721996497015 ], [ 14.175042019197392, 12.42050499650472 ], [ 14.179227019330353, 12.415188996491899 ], [ 14.172862019056419, 12.407861996531921 ], [ 14.173080019051707, 12.40509899653458 ], [ 14.183604019438485, 12.402966996487301 ], [ 14.188507019613917, 12.40063899646681 ], [ 14.199181019943378, 12.384007996437267 ], [ 14.208976020292186, 12.377737996397478 ], [ 14.215502020523186, 12.372867996371593 ], [ 14.218059020607555, 12.369630996363174 ], [ 14.220354020660213, 12.362022996361958 ], [ 14.224786020821147, 12.359235996343397 ], [ 14.231110021075287, 12.359888996310398 ], [ 14.249633021846236, 12.364840996208041 ], [ 14.254304022028467, 12.363202996185795 ], [ 14.265328022501448, 12.366817996122434 ], [ 14.266500022551254, 12.367040996115868 ], [ 14.274936022910389, 12.368370996068695 ], [ 14.280083023123082, 12.367648996041749 ], [ 14.284512023294242, 12.364630996021736 ], [ 14.292141023535342, 12.349165996001133 ], [ 14.297088023774352, 12.354197995966747 ], [ 14.291530023588953, 12.363896995984151 ], [ 14.292949023662064, 12.366189995973135 ], [ 14.296708023835748, 12.368466995949124 ], [ 14.29717002385059, 12.36754399594783 ], [ 14.301555023984124, 12.357391995937409 ], [ 14.303650024064508, 12.355537995928238 ], [ 14.308099024258613, 12.355741995902918 ], [ 14.315857024626766, 12.360985995851614 ], [ 14.325736025105615, 12.368517995784401 ], [ 14.331361025361586, 12.369402995750523 ], [ 14.348158026067894, 12.360321995664368 ], [ 14.352130026242397, 12.359146995642305 ], [ 14.358220026525851, 12.359797995604838 ], [ 14.368052026981058, 12.35973499554528 ], [ 14.378792027459133, 12.355523995485196 ], [ 14.385582027781535, 12.355710995442722 ], [ 14.405046028749924, 12.361106995311923 ], [ 14.41019302899765, 12.360612995279546 ], [ 14.420236029468903, 12.357094995219409 ], [ 14.428216029885224, 12.360263995162452 ], [ 14.435245030242791, 12.361137995114598 ], [ 14.441554030550288, 12.359485995074786 ], [ 14.446214030765393, 12.356232995048112 ], [ 14.450121030894532, 12.345620995037047 ], [ 14.451992030988425, 12.345378995024705 ], [ 14.455540031205029, 12.350646994992873 ], [ 14.460012031459547, 12.35429899495692 ], [ 14.467502031847483, 12.354248994905264 ], [ 14.471931032059695, 12.351456994878538 ], [ 14.476791032259403, 12.343368994856357 ], [ 14.482434032581615, 12.347012994811283 ], [ 14.485957032780741, 12.348829994783655 ], [ 14.488754032916612, 12.34697099476649 ], [ 14.486833032765331, 12.339848994790627 ], [ 14.487991032815644, 12.338230994784759 ], [ 14.493834033117135, 12.336809994745135 ], [ 14.498700033329417, 12.329872994720388 ], [ 14.506166033705506, 12.326139994671857 ], [ 14.519260034406742, 12.32443899457833 ], [ 14.524798034629878, 12.3131239945541 ], [ 14.524781034610681, 12.310592994557991 ], [ 14.523368034524701, 12.309451994570196 ], [ 14.514011034018258, 12.310206994638158 ], [ 14.513529033977331, 12.308139994644765 ], [ 14.516546034115226, 12.304436994628103 ], [ 14.516755034101971, 12.300982994631706 ], [ 14.513435033877343, 12.294792994665281 ], [ 14.515292033961723, 12.292479994655103 ], [ 14.523957034441079, 12.293339994589855 ], [ 14.527216034601778, 12.290785994569431 ], [ 14.530224034732464, 12.285932994554239 ], [ 14.539578035244132, 12.28494599448536 ], [ 14.548194035681989, 12.278902994428904 ], [ 14.55028203578062, 12.276355994416759 ], [ 14.550247035742776, 12.271522994424316 ], [ 14.548328035585564, 12.264863994449041 ], [ 14.550838035659844, 12.255871994443419 ], [ 14.553836035782119, 12.249636994429837 ], [ 14.560193036182447, 12.255115994372485 ], [ 14.56159303625842, 12.254644994362344 ], [ 14.559410036053535, 12.243843994395636 ], [ 14.557986035952421, 12.241093994410813 ], [ 14.551405035551623, 12.2369979944676 ], [ 14.549971035439006, 12.23263499448516 ], [ 14.556505035788179, 12.230288994438606 ], [ 14.572157036649854, 12.226724994322327 ], [ 14.574707036771304, 12.223484994307222 ], [ 14.588736037572597, 12.222233994197698 ], [ 14.598315038118413, 12.220323994123437 ], [ 14.597814038052896, 12.215724994134566 ], [ 14.596861037978957, 12.213429994145818 ], [ 14.602437038265091, 12.208096994108788 ], [ 14.610540038653129, 12.196531994060384 ], [ 14.604192038243289, 12.192205994119035 ], [ 14.602313038123697, 12.191068994136092 ], [ 14.601831038080912, 12.189231994142855 ], [ 14.60322903815579, 12.188300994132918 ], [ 14.615148038849947, 12.186832994037468 ], [ 14.618879039059598, 12.185194994009118 ], [ 14.620015039090545, 12.18058499400686 ], [ 14.627252039508148, 12.178459993949792 ], [ 14.632633039835108, 12.17865099390424 ], [ 14.631972039840095, 12.184177993901175 ], [ 14.634562040016112, 12.186460993875729 ], [ 14.639485040327557, 12.187804993831834 ], [ 14.64087904040146, 12.186414993822133 ], [ 14.643220040546842, 12.186626993801811 ], [ 14.643853040615989, 12.19028299379066 ], [ 14.650370040997466, 12.187792993738553 ], [ 14.658558041574498, 12.195842993654827 ], [ 14.665575041930969, 12.185945993609025 ], [ 14.663937041771476, 12.17927399363397 ], [ 14.673760042349578, 12.174436993554977 ], [ 14.6782040425545, 12.165460993529733 ], [ 14.680073042592028, 12.156025993528106 ], [ 14.678668042461156, 12.151194993548348 ], [ 14.657849041023608, 12.135557993756294 ], [ 14.654808040787653, 12.129806993791735 ], [ 14.65457204065212, 12.115311993816718 ], [ 14.652700040466311, 12.106798993846338 ], [ 14.643579039813782, 12.095066993942911 ], [ 14.640773039627186, 12.092997993969977 ], [ 14.639837039538735, 12.089086993984084 ], [ 14.642176039608051, 12.080341993978069 ], [ 14.651996040096465, 12.067451993914768 ], [ 14.651760040030608, 12.061239993926648 ], [ 14.645915039636952, 12.056410993984189 ], [ 14.63352203886466, 12.05273299409456 ], [ 14.623936038218282, 12.042842994189879 ], [ 14.6244390381821, 12.034632994198645 ], [ 14.621695037966445, 12.027767994232089 ], [ 14.623024037965104, 12.017862994236719 ], [ 14.627182038154961, 12.011158994212936 ], [ 14.631565038347503, 12.003072994189326 ], [ 14.636394038544569, 11.992220994166225 ], [ 14.645861038977868, 11.976501994111596 ], [ 14.646069038961965, 11.973047994115337 ], [ 14.648603039073111, 11.968196994101621 ], [ 14.655353039444178, 11.964233994050499 ], [ 14.658576039584219, 11.957766994033253 ], [ 14.657855039517985, 11.955009994043859 ], [ 14.651970039120432, 11.949531994102852 ], [ 14.646547038747411, 11.943357994158653 ], [ 14.638969038192705, 11.930066994243479 ], [ 14.638927038143676, 11.92431399425301 ], [ 14.641431038217547, 11.915319994246415 ], [ 14.643501038303381, 11.910932994236081 ], [ 14.642783038242577, 11.908635994245762 ], [ 14.640185038060755, 11.904973994273353 ], [ 14.635261037755456, 11.902708994317953 ], [ 14.631730037523164, 11.899282994352648 ], [ 14.627945037255252, 11.893096994393678 ], [ 14.626278037174394, 11.894985994404365 ], [ 14.621366036810146, 11.88453699446111 ], [ 14.607347035901611, 11.86981399459758 ], [ 14.60524403574283, 11.86452299462273 ], [ 14.605712035733367, 11.859920994626282 ], [ 14.610385035955781, 11.854856994596924 ], [ 14.613890036142086, 11.853475994570939 ], [ 14.605479035570809, 11.8405919946587 ], [ 14.605947035580865, 11.838520994658255 ], [ 14.605480035506847, 11.832308994671807 ], [ 14.610387035673208, 11.818500994654555 ], [ 14.60641703535978, 11.806537994705208 ], [ 14.605717035228684, 11.794571994729742 ], [ 14.610156035364101, 11.780304994717106 ], [ 14.607820035186839, 11.77409299474559 ], [ 14.599879034674654, 11.764199994824065 ], [ 14.598712034584585, 11.760749994838699 ], [ 14.592873034225272, 11.755227994893106 ], [ 14.583999033719497, 11.751548994967642 ], [ 14.576527033267727, 11.744415995036137 ], [ 14.570222032869774, 11.735673995097772 ], [ 14.55761203217039, 11.730152995200982 ], [ 14.553410031926358, 11.72647199523791 ], [ 14.552478031815369, 11.71772799525848 ], [ 14.563457032251542, 11.699548995205433 ], [ 14.572800032671577, 11.690343995149719 ], [ 14.593817033712524, 11.680675995004144 ], [ 14.605257034265277, 11.672389994928059 ], [ 14.608293034394519, 11.667786994911507 ], [ 14.615531034737097, 11.66111199486488 ], [ 14.615532034728254, 11.659961994866714 ], [ 14.625104035221259, 11.65581699479681 ], [ 14.631641035548492, 11.651442994751058 ], [ 14.634676035660741, 11.644308994737962 ], [ 14.640045035907024, 11.637633994704961 ], [ 14.641212035898933, 11.628428994710356 ], [ 14.644946036014055, 11.616692994698798 ], [ 14.645412035957346, 11.606337994711835 ], [ 14.647280036037895, 11.603345994701344 ], [ 14.640276035457473, 11.579418994797765 ], [ 14.637707035137442, 11.556869994855427 ], [ 14.639806035125535, 11.540762994864657 ], [ 14.637239034890488, 11.528797994905023 ], [ 14.629071034385042, 11.520977994983506 ], [ 14.616937033678111, 11.513848995091481 ], [ 14.606902033128426, 11.511550995173799 ], [ 14.584036031871447, 11.502582995363596 ], [ 14.576336031465935, 11.500972995424098 ], [ 14.531308029089519, 11.480727995783608 ], [ 14.514046028211132, 11.472903995916438 ], [ 14.503549027700567, 11.470371995992378 ], [ 14.486283026893773, 11.469218996110476 ], [ 14.466920025993659, 11.465763996243233 ], [ 14.453987025380384, 11.459767996335801 ], [ 14.451527025264793, 11.458626996353248 ], [ 14.44849702510588, 11.454483996378855 ], [ 14.442677024727958, 11.434463996446345 ], [ 14.434755024298553, 11.420195996517746 ], [ 14.424033023776133, 11.409376996600448 ], [ 14.415638023408889, 11.407072996655081 ], [ 14.392784022418303, 11.399239996803303 ], [ 14.379729021846678, 11.391638996890833 ], [ 14.368073021351108, 11.386109996965942 ], [ 14.360145021027432, 11.384034997013877 ], [ 14.340323020236927, 11.379879997130132 ], [ 14.325636019651235, 11.37457799721771 ], [ 14.312119019098697, 11.365362997303343 ], [ 14.293236018375236, 11.358904997411203 ], [ 14.267136017370182, 11.343464997565718 ], [ 14.248029016656339, 11.332400997675434 ], [ 14.240342016364497, 11.325951997721793 ], [ 14.230805015967318, 11.309604997790874 ], [ 14.222192015635866, 11.29970199784562 ], [ 14.209159015136528, 11.283579997929134 ], [ 14.200541014836448, 11.278507997975616 ], [ 14.197048014711539, 11.275512997995683 ], [ 14.184230014293339, 11.272505998057087 ], [ 14.155110013338479, 11.258891998202589 ], [ 14.141829012925038, 11.255192998263633 ], [ 14.137171012776493, 11.252654998286578 ], [ 14.126917012468816, 11.251029998330969 ], [ 14.119691012255169, 11.250098998361601 ], [ 14.107800011914625, 11.250310998408866 ], [ 14.099639011689408, 11.251908998438809 ], [ 14.087733011386836, 11.259943998473794 ], [ 14.076525011110805, 11.268898998504142 ], [ 14.071613011005688, 11.276713998511788 ], [ 14.061335010763573, 11.286819998536211 ], [ 14.055733010623202, 11.289802998552878 ], [ 14.037305010144973, 11.293451998615186 ], [ 14.02750400990017, 11.296884998645567 ], [ 14.014914009573987, 11.296862998690074 ], [ 13.997628009180511, 11.310174998731467 ], [ 13.989465008980286, 11.311539998757356 ], [ 13.980380008741202, 11.307610998793304 ], [ 13.974329008576801, 11.302996998819774 ], [ 13.97061600846062, 11.29539599884248 ], [ 13.964149008215976, 11.268928998900055 ], [ 13.961137008108871, 11.25837499892436 ], [ 13.952225007861898, 11.24760399896782 ], [ 13.944017007637427, 11.23774899900741 ], [ 13.939576007526131, 11.235239999024826 ], [ 13.927618007205487, 11.220800999081753 ], [ 13.925470007124867, 11.210686999102228 ], [ 13.924235007051482, 11.19619499912589 ], [ 13.923053007013317, 11.192518999134538 ], [ 13.91931000691992, 11.189545999149995 ], [ 13.91603900684181, 11.187949999162077 ], [ 13.915059006789383, 11.178060999178589 ], [ 13.90332600647927, 11.161317999236564 ], [ 13.888839006140891, 11.153102999290187 ], [ 13.88253300599747, 11.15014099931239 ], [ 13.879717005925551, 11.146011999326088 ], [ 13.879213005891211, 11.137959999338522 ], [ 13.883362005949802, 11.12804599934023 ], [ 13.88498400597806, 11.125967999338425 ], [ 13.88356900593719, 11.122292999347511 ], [ 13.882166005904127, 11.121147999353093 ], [ 13.873067005706318, 11.118889999382016 ], [ 13.865108005517113, 11.110641999415591 ], [ 13.859228005362697, 11.098933999447887 ], [ 13.855701005271149, 11.092047999466999 ], [ 13.851259005171357, 11.088615999483826 ], [ 13.845201005048805, 11.088412999500555 ], [ 13.839573004914001, 11.080384999526625 ], [ 13.836299004842072, 11.077868999538806 ], [ 13.831628004742342, 11.075128999554934 ], [ 13.818279004439912, 11.059541999611096 ], [ 13.815928004381059, 11.054488999624041 ], [ 13.8142640043294, 11.047132999638325 ], [ 13.811902004264612, 11.039780999654399 ], [ 13.806992004159772, 11.035429999672848 ], [ 13.802320004064391, 11.032689999688412 ], [ 13.800204004012585, 11.028096999699992 ], [ 13.800634003998862, 11.019810999710172 ], [ 13.798741003946015, 11.01314599972399 ], [ 13.793130003828642, 11.008108999744842 ], [ 13.791492003793605, 11.006274999751408 ], [ 13.784729003664662, 11.004462999770547 ], [ 13.781471003606997, 11.005167999777571 ], [ 13.776110003507386, 11.00427099979183 ], [ 13.769579003387246, 11.003284999808919 ], [ 13.746375002938537, 10.987459999885031 ], [ 13.730089002646574, 10.982351999929184 ], [ 13.707276002256638, 10.978833999984568 ], [ 13.69822400208778, 10.969834000016274 ], [ 13.69474100202445, 10.966833000027785 ], [ 13.692492001935484, 10.943588000063816 ], [ 13.689981001862019, 10.928856000088956 ], [ 13.690024001834212, 10.916202000105901 ], [ 13.690784001805911, 10.898258000128454 ], [ 13.687798001733274, 10.886976000149977 ], [ 13.681547001611429, 10.876373000177342 ], [ 13.674624001465224, 10.85886700021527 ], [ 13.663741001262967, 10.842498000259503 ], [ 13.658186001160178, 10.833738000282477 ], [ 13.652615001067849, 10.829579000299169 ], [ 13.649589001022296, 10.829340000305475 ], [ 13.640309000866889, 10.820567000335473 ], [ 13.637071000808493, 10.815266000348881 ], [ 13.635001000764023, 10.808356000362174 ], [ 13.63012400068725, 10.805350000375576 ], [ 13.62967400067223, 10.801208000382015 ], [ 13.62042400050661, 10.784842000421555 ], [ 13.611853000364471, 10.774231000451827 ], [ 13.608165000294154, 10.76478700047134 ], [ 13.602687000161785, 10.736240000519782 ], [ 13.598565000070547, 10.718512000551142 ], [ 13.594652999994993, 10.706996000573707 ], [ 13.589807999908812, 10.696166000596955 ], [ 13.58425399982012, 10.688556000617046 ], [ 13.577069999711235, 10.681169000639583 ], [ 13.561303999481201, 10.667542000685026 ], [ 13.553183999367523, 10.661991000706175 ], [ 13.549938999321038, 10.658989000715643 ], [ 13.546923999279343, 10.656908000723449 ], [ 13.539083999149941, 10.639396000759897 ], [ 13.532691999017347, 10.609236000810853 ], [ 13.529939998966682, 10.599564000828304 ], [ 13.529274998943922, 10.591280000840531 ], [ 13.529996998942035, 10.585301000847435 ], [ 13.534936998976901, 10.571285000858392 ], [ 13.535446998962961, 10.560015000872793 ], [ 13.535248998945368, 10.551502000884607 ], [ 13.54089999898175, 10.533579000899717 ], [ 13.548518999061375, 10.526220000897245 ], [ 13.553290999102677, 10.516726000902263 ], [ 13.554461999095452, 10.504869000916441 ], [ 13.553227999052236, 10.489459000939418 ], [ 13.542413998897558, 10.476438000974783 ], [ 13.527233998693109, 10.462907001017417 ], [ 13.52494199865213, 10.45484600103196 ], [ 13.522192998602804, 10.444945001049726 ], [ 13.520644998550875, 10.425386001078712 ], [ 13.522574998542453, 10.407681001099812 ], [ 13.523113998516727, 10.389279001124047 ], [ 13.511100998350409, 10.372213001165816 ], [ 13.507420998292551, 10.362538001184594 ], [ 13.507016998263079, 10.347816001205294 ], [ 13.511290998273017, 10.325519001229265 ], [ 13.509506998222266, 10.307340001256838 ], [ 13.504001998132271, 10.290068001288754 ], [ 13.496857998031107, 10.2762390013183 ], [ 13.488766997928192, 10.266779001343112 ], [ 13.485537997884617, 10.261246001355374 ], [ 13.472810997731566, 10.249697001389395 ], [ 13.463814997615092, 10.235171001421907 ], [ 13.462207997591285, 10.23056500143044 ], [ 13.463415997586214, 10.219529001443867 ], [ 13.464388997580171, 10.209412001456375 ], [ 13.463970997558418, 10.198370001472082 ], [ 13.459606997495866, 10.186852001493918 ], [ 13.45428799743425, 10.18177100150818 ], [ 13.441550997295348, 10.173901001536176 ], [ 13.433671997212491, 10.170190001551711 ], [ 13.428822997156029, 10.163960001566616 ], [ 13.423079997079427, 10.149677001593645 ], [ 13.417120996996799, 10.132173001625288 ], [ 13.410404996928218, 10.128466001638904 ], [ 13.399492996826879, 10.128421001652633 ], [ 13.382094996663907, 10.125130001678423 ], [ 13.363564996486796, 10.115852001713089 ], [ 13.355210996412927, 10.11489700172409 ], [ 13.330363996204056, 10.116401001750093 ], [ 13.315536996073288, 10.109896001775114 ], [ 13.309300996014091, 10.103198001790894 ], [ 13.294089995864045, 10.08036000183793 ], [ 13.286479995791977, 10.070207001859558 ], [ 13.277292995696946, 10.05038500189581 ], [ 13.252569995485482, 10.02819300195023 ], [ 13.247990995437478, 10.01575300197152 ], [ 13.248493995431986, 10.007936001981678 ], [ 13.250366995436288, 10.000000001990699 ], [ 13.258812995481831, 9.986363002001188 ], [ 13.271385995564641, 9.97791200200046 ], [ 13.275349995589535, 9.974020002001859 ], [ 13.276533995592562, 9.969195002007282 ], [ 13.27586399558114, 9.963902002015177 ], [ 13.272654995547509, 9.955838002029376 ], [ 13.268326995496185, 9.939720002055667 ], [ 13.257289995392304, 9.919891002093467 ], [ 13.252901995356179, 9.915961002103026 ], [ 13.23693399523442, 9.908298002128429 ], [ 13.229084995171288, 9.900672002146035 ], [ 13.227475995156828, 9.897675002151594 ], [ 13.225206995130117, 9.887774002167189 ], [ 13.227324995137881, 9.881805002173449 ], [ 13.228525995137034, 9.873762002183371 ], [ 13.226924995121154, 9.869385002190805 ], [ 13.230647995144055, 9.867103002190573 ], [ 13.23322699515578, 9.86182500219547 ], [ 13.235388995153937, 9.847117002213675 ], [ 13.238188995169308, 9.843680002215828 ], [ 13.243761995206354, 9.842327002212562 ], [ 13.257718995294727, 9.834112002210786 ], [ 13.266297995356162, 9.834382002202238 ], [ 13.272591995393828, 9.827971002204992 ], [ 13.281663995453156, 9.822493002203672 ], [ 13.290280995507299, 9.814942002205541 ], [ 13.296355995540804, 9.805541002212429 ], [ 13.296172995533043, 9.800331002219821 ], [ 13.297944995542096, 9.796989002222656 ], [ 13.289803995469327, 9.786661002245104 ], [ 13.283040995401134, 9.771039002273412 ], [ 13.27258599531539, 9.762096002295955 ], [ 13.265843995258997, 9.754754002312575 ], [ 13.263044995230722, 9.747401002325413 ], [ 13.263721995226568, 9.739811002335271 ], [ 13.259741995179002, 9.722802002362581 ], [ 13.260873995173451, 9.711301002377459 ], [ 13.255990995132336, 9.704873002390929 ], [ 13.253891995111596, 9.699359002400524 ], [ 13.252248995090333, 9.690624002414159 ], [ 13.256611995099632, 9.672906002434724 ], [ 13.25521199508559, 9.669000002441443 ], [ 13.248480995035333, 9.664877002453366 ], [ 13.242904994990941, 9.658681002467038 ], [ 13.240108994965862, 9.652939002477538 ], [ 13.239174994955535, 9.649261002483492 ], [ 13.243328994974487, 9.64166300249031 ], [ 13.244475994976632, 9.636830002495993 ], [ 13.24284399496034, 9.632005002504174 ], [ 13.239586994933125, 9.626954002514138 ], [ 13.241897994944731, 9.623729002516548 ], [ 13.24235299494384, 9.620278002520937 ], [ 13.240948994927846, 9.614303002530519 ], [ 13.245565994949718, 9.606703002536939 ], [ 13.247877994962154, 9.604168002538392 ], [ 13.24507599493321, 9.594976002553743 ], [ 13.239497994888344, 9.587631002568978 ], [ 13.237220994868606, 9.583249002577116 ], [ 13.235874994843831, 9.568879002598358 ], [ 13.22941899479564, 9.562870002612406 ], [ 13.22622699476412, 9.552738002629329 ], [ 13.219327994709449, 9.542589002649446 ], [ 13.214931994680684, 9.541419002654832 ], [ 13.203795994615195, 9.544584002659779 ], [ 13.199421994582806, 9.539275002670813 ], [ 13.187896994501594, 9.528183002695689 ], [ 13.180492994455653, 9.526308002704251 ], [ 13.176337994428321, 9.523528002711426 ], [ 13.17170999440029, 9.522586002716388 ], [ 13.16103999434109, 9.525063002721231 ], [ 13.14970499427376, 9.522247002733783 ], [ 13.146011994250467, 9.519700002740093 ], [ 13.132814994175764, 9.518254002751858 ], [ 13.13097499416342, 9.515945002756416 ], [ 13.11614699408341, 9.516330002766532 ], [ 13.112966710056098, 9.516755322150406 ] ] ] } },
{ "type": "Feature", "properties": { "LAYER": "Zone VIII", "GM_TYPE": "Unknown Area Type", "NAME": "VIII", "ZONE": "VIII", "CLOSED": "YES", "BORDER_STY": "Solid", "BORDER_COL": "RGB(0,0,0)", "BORDER_WID": 1, "FILL_STYLE": "No Fill", "FILL_COLOR": "", "LABEL_POS": "8.5949721396,11.6618659773", "FONT_NAME": "Times New Roman", "FONT_SIZE": 20, "FONT_COLOR": "RGB(0,0,0)", "FONT_CHARS": 0, "FONT_WEIGH": 700 }, "geometry": { "type": "Polygon", "coordinates": [ [ [ 7.331933201401747, 13.101145614192433 ], [ 7.331933201401751, 13.101145614192433 ], [ 7.39511398756247, 13.010173191903078 ], [ 7.570365275566654, 12.852921597015092 ], [ 7.849958438680122, 12.681611359928592 ], [ 8.087639124655638, 12.557852878082432 ], [ 8.36635089524386, 12.486693803723766 ], [ 8.627257925574755, 12.472787604320921 ], [ 8.794340196951502, 12.470087955042111 ], [ 9.014181520520664, 12.452893905617101 ], [ 9.298432048937935, 12.400914111189302 ], [ 9.465423569974298, 12.377650391648176 ], [ 9.664572682194656, 12.339815933096531 ], [ 9.843199782395253, 12.3162948104323 ], [ 10.042243390966556, 12.281068691383304 ], [ 10.270530093646004, 12.25132422834632 ], [ 10.496567664229007, 12.21237383985061 ], [ 10.742413436447109, 12.205172581706183 ], [ 10.935329578203319, 12.169357976304935 ], [ 10.987232979749701, 12.158767680484733 ], [ 10.877189643849158, 12.048536628194299 ], [ 10.767899394001759, 11.818725072738207 ], [ 10.605343209257473, 11.234094329149116 ], [ 10.490710694788689, 10.753750203277233 ], [ 10.414461608504112, 10.408233803961977 ], [ 10.375973904942247, 10.131693613570496 ], [ 10.323807240388959, 9.901309961576846 ], [ 10.204326763647147, 9.654972643310519 ], [ 10.153516609763708, 9.656375728703852 ], [ 10.043603711789608, 9.689161346299892 ], [ 9.954551306956942, 9.745445698779086 ], [ 9.871440416068205, 9.810540396696407 ], [ 9.823980718890919, 9.866685585970986 ], [ 9.749775038222406, 9.946476448653573 ], [ 9.684569988654088, 10.076364486742166 ], [ 9.616200984781809, 10.135475946183616 ], [ 9.49125834845964, 10.224153219895234 ], [ 9.231678059472278, 10.452255563466185 ], [ 9.023007876125344, 10.590938571587483 ], [ 8.87981614303356, 10.673485809592243 ], [ 8.706729805345303, 10.732348603096906 ], [ 8.509718407135431, 10.78222989473411 ], [ 8.351555451512789, 10.781939174211056 ], [ 8.181517163995835, 10.760896330615934 ], [ 7.904063042491884, 10.751195362347309 ], [ 7.739975329321864, 10.750572996931417 ], [ 7.504246719794808, 10.761318989553629 ], [ 7.372882512906298, 10.781292282822774 ], [ 7.193744448558308, 10.806826895343834 ], [ 7.026273701538459, 10.870641686325371 ], [ 6.942395109776257, 10.920191799464966 ], [ 6.764638642238689, 11.037553862167011 ], [ 6.697723566516092, 11.209482714692239 ], [ 6.588012157151051, 11.407922163561013 ], [ 6.463471337953577, 11.666407637965996 ], [ 6.315572786800819, 11.878227701420613 ], [ 6.166986017574518, 12.13161374749871 ], [ 6.075180430463616, 12.339144449883889 ], [ 5.987204130598546, 12.612392838491566 ], [ 5.898364355329536, 12.930996328498322 ], [ 5.922978579166077, 13.232381495034385 ], [ 6.014460265018968, 13.488254790752904 ], [ 6.12143512825848, 13.658650644951278 ], [ 6.123973991153713, 13.657174998232012 ], [ 6.138202991169759, 13.648491998241022 ], [ 6.149413991182226, 13.642834998247054 ], [ 6.156959991191464, 13.644577998246113 ], [ 6.175154991213733, 13.651701998241197 ], [ 6.195919991237753, 13.657412998237682 ], [ 6.205617991248988, 13.661884998234397 ], [ 6.225430991270462, 13.666685998231515 ], [ 6.2604909913051, 13.668759998231991 ], [ 6.268925991312499, 13.666581998234477 ], [ 6.283036991325358, 13.666856998235108 ], [ 6.299067991338235, 13.661201998241124 ], [ 6.304565991342569, 13.659449998243003 ], [ 6.309696991346264, 13.656393998246035 ], [ 6.314388991350027, 13.655642998246973 ], [ 6.344280991370901, 13.640995998261744 ], [ 6.411430991411067, 13.604608998297737 ], [ 6.41474399141285, 13.60281399829951 ], [ 6.419182991415554, 13.601975998300457 ], [ 6.421308991416842, 13.601574998300913 ], [ 6.433631991422535, 13.591983998310109 ], [ 6.451247991429396, 13.574503998326652 ], [ 6.499003991445857, 13.528334998370426 ], [ 6.564826991463459, 13.465349998430222 ], [ 6.571772991464912, 13.458356998436857 ], [ 6.579208991466843, 13.452734998442251 ], [ 6.636145991476064, 13.394914998497169 ], [ 6.65515099147891, 13.377858998513478 ], [ 6.664392991479697, 13.367611998523213 ], [ 6.677833991481354, 13.355462998534833 ], [ 6.685135991480374, 13.341333998548137 ], [ 6.699370991479739, 13.319747998568578 ], [ 6.709671991478685, 13.302125998585279 ], [ 6.714723991478143, 13.293546998593392 ], [ 6.717455991477844, 13.288907998597798 ], [ 6.729096991475939, 13.266897998618671 ], [ 6.736913991475533, 13.255977998629099 ], [ 6.750847991473266, 13.230713998653139 ], [ 6.76457499147124, 13.207290998675509 ], [ 6.789282991467315, 13.16554199871549 ], [ 6.791991991466278, 13.158604998722112 ], [ 6.807367991464423, 13.136072998743812 ], [ 6.818585991462559, 13.117971998761266 ], [ 6.88886999145694, 13.036437998840631 ], [ 6.891611991456301, 13.031796998845133 ], [ 6.904775991455464, 13.018720998857962 ], [ 6.913482991453783, 13.005711998870645 ], [ 6.928007991452336, 12.989852998886205 ], [ 6.934085991453049, 12.988609998887537 ], [ 6.946559991455784, 12.991404998885107 ], [ 6.999999991463723, 12.990975998886597 ], [ 7.010057991465254, 12.991495998886288 ], [ 7.039051991470614, 12.997591998880958 ], [ 7.050205991472492, 12.999473998879333 ], [ 7.06307299147444, 13.000965998878131 ], [ 7.086107991478964, 13.008251998871508 ], [ 7.100553991481549, 13.012085998868065 ], [ 7.124723991486313, 13.020779998860094 ], [ 7.136394991488105, 13.023157998857982 ], [ 7.142652991489469, 13.026083998855272 ], [ 7.151634991491925, 13.032303998849423 ], [ 7.179251991501731, 13.060872998822356 ], [ 7.187183991505057, 13.07120599881255 ], [ 7.193106991507252, 13.077804998806286 ], [ 7.198655991508533, 13.080940998803372 ], [ 7.208909991512276, 13.092253998792664 ], [ 7.211935991512784, 13.093252998791735 ], [ 7.212328991513521, 13.096024998789087 ], [ 7.21757399151539, 13.101684998783732 ], [ 7.221740991516292, 13.103863998781693 ], [ 7.227886991518583, 13.110926998775016 ], [ 7.244559991519926, 13.11089999877526 ], [ 7.27211399152129, 13.107930998778473 ], [ 7.310250991523111, 13.104311998782435 ], [ 7.331468991523744, 13.101174998785709 ], [ 7.331933201401747, 13.101145614192433 ] ] ] } },
{ "type": "Feature", "properties": { "LAYER": "Zone VIIb", "GM_TYPE": "Unknown Area Type", "NAME": "VIIb", "ZONE": "VIIb", "CLOSED": "YES", "BORDER_STY": "Solid", "BORDER_COL": "RGB(0,0,0)", "BORDER_WID": 1, "FILL_STYLE": "Cross-Hatch", "FILL_COLOR": "RGB(128,128,128)", "LABEL_POS": "8.5579004219,9.9738668180", "FONT_NAME": "Times New Roman", "FONT_SIZE": 20, "FONT_COLOR": "RGB(0,0,0)", "FONT_CHARS": 0, "FONT_WEIGH": 700 }, "geometry": { "type": "Polygon", "coordinates": [ [ [ 10.204326763647147, 9.654972643310519 ], [ 10.131303089545893, 9.504189593885368 ], [ 9.888910292600317, 9.255800881053647 ], [ 9.670202202188937, 9.076367566794501 ], [ 9.480862024373957, 8.970778584013591 ], [ 9.384926549948329, 8.930467565832705 ], [ 9.233842543841231, 8.939255771003712 ], [ 9.056600193651345, 8.962424763837491 ], [ 8.96651839241137, 8.962427578809047 ], [ 8.777653576769451, 8.936375422943197 ], [ 8.548142784261179, 8.910180558197364 ], [ 8.109423547886431, 8.920937443436902 ], [ 7.757818268278775, 8.94879629209152 ], [ 7.467893846784787, 8.965241670712333 ], [ 7.4738884715931, 8.979706431553337 ], [ 7.585117488946183, 9.222172068987723 ], [ 7.654492119897542, 9.403327922506337 ], [ 7.653968455616345, 9.537832513391718 ], [ 7.625336021363101, 9.681500851212133 ], [ 7.58286943288411, 9.769449462480155 ], [ 7.517063138524056, 9.843870615068488 ], [ 7.408927210556548, 9.950042710976874 ], [ 7.324321964502219, 10.019189864542328 ], [ 7.253528360836517, 10.125480216892681 ], [ 7.145211964128122, 10.2315355136602 ], [ 7.064650905462948, 10.404122674653502 ], [ 6.955588421955491, 10.59817047473512 ], [ 6.846339253335492, 10.796788233004113 ], [ 6.793503875540227, 10.96330315116615 ], [ 6.764638642238689, 11.037553862167011 ], [ 6.942395109776257, 10.920191799464966 ], [ 7.026273701538459, 10.870641686325371 ], [ 7.193744448558308, 10.806826895343834 ], [ 7.372882512906298, 10.781292282822774 ], [ 7.504246719794808, 10.761318989553629 ], [ 7.739975329321864, 10.750572996931417 ], [ 7.904063042491884, 10.751195362347309 ], [ 8.181517163995835, 10.760896330615934 ], [ 8.351555451512789, 10.781939174211056 ], [ 8.509718407135431, 10.78222989473411 ], [ 8.706729805345303, 10.732348603096906 ], [ 8.87981614303356, 10.673485809592243 ], [ 9.023007876125344, 10.590938571587483 ], [ 9.231678059472278, 10.452255563466185 ], [ 9.49125834845964, 10.224153219895234 ], [ 9.616200984781809, 10.135475946183616 ], [ 9.684569988654088, 10.076364486742166 ], [ 9.749775038222406, 9.946476448653573 ], [ 9.823980718890919, 9.866685585970986 ], [ 9.871440416068205, 9.810540396696407 ], [ 9.954551306956942, 9.745445698779086 ], [ 10.043603711789608, 9.689161346299892 ], [ 10.153516609763708, 9.656375728703852 ], [ 10.204326763647147, 9.654972643310519 ] ] ] } },
{ "type": "Feature", "properties": { "LAYER": "Zone VI", "GM_TYPE": "Unknown Area Type", "NAME": "VI", "ZONE": "VI", "CLOSED": "YES", "BORDER_STY": "Solid", "BORDER_COL": "RGB(0,0,0)", "BORDER_WID": 1, "FILL_STYLE": "Salt Pattern", "FILL_COLOR": "RGB(192,192,192)", "LABEL_POS": "6.8960029953,8.9986361451", "FONT_NAME": "Times New Roman", "FONT_SIZE": 20, "FONT_COLOR": "RGB(0,0,0)", "FONT_CHARS": 0, "FONT_WEIGH": 700 }, "geometry": { "type": "Polygon", "coordinates": [ [ [ 6.269370527570903, 9.986195328639335 ], [ 6.267835910452472, 9.984095931025051 ], [ 6.308713354383721, 10.04000823499028 ], [ 6.381429594792699, 10.178084131224493 ], [ 6.454689848194485, 10.254726324302426 ], [ 6.530895554137394, 10.337233783895158 ], [ 6.642341697041357, 10.458029969815462 ], [ 6.839791851076733, 10.564774332078175 ], [ 6.94489968735928, 10.617618642730418 ], [ 6.955588421955492, 10.59817047473512 ], [ 7.064650905462954, 10.404122674653502 ], [ 7.145211964128122, 10.2315355136602 ], [ 7.253528360836521, 10.125480216892681 ], [ 7.324321964502219, 10.019189864542328 ], [ 7.408927210556552, 9.950042710976874 ], [ 7.51706313852406, 9.843870615068488 ], [ 7.582869432884112, 9.769449462480155 ], [ 7.625336021363103, 9.681500851212133 ], [ 7.653968455616345, 9.537832513391718 ], [ 7.654492119897545, 9.403327922506337 ], [ 7.585117488946187, 9.222172068987723 ], [ 7.473888471593103, 8.979706431553337 ], [ 7.404598093433609, 8.812452655297784 ], [ 7.321163567127702, 8.691510447281413 ], [ 7.321553708299327, 8.603396416672814 ], [ 7.298938214727495, 8.445617095407501 ], [ 7.273756793859737, 8.257066819091813 ], [ 7.265886012976945, 8.053849266464935 ], [ 7.205362301856221, 7.899753599820417 ], [ 7.135932592334433, 7.792058664657647 ], [ 7.069471912556629, 7.678568704171921 ], [ 6.924438677783602, 7.570513838669977 ], [ 6.776471637347466, 7.482727744305731 ], [ 6.651717854094647, 7.418244658128336 ], [ 6.491967100826735, 7.379654756994397 ], [ 6.37845719384749, 7.396409180151645 ], [ 6.287979029512346, 7.450983636163276 ], [ 6.266586375366226, 7.616196462234915 ], [ 6.252719852975605, 7.958393856223629 ], [ 6.253744015286911, 8.2368669526278 ], [ 6.266428718377966, 8.506717738523443 ], [ 6.293484914438976, 8.798197337668821 ], [ 6.312190734902004, 9.033290654804851 ], [ 6.341838430723727, 9.364193731525184 ], [ 6.374256139600832, 9.564687240774285 ], [ 6.367217754627758, 9.715899822416972 ], [ 6.32514569511332, 9.840653719516617 ], [ 6.283078958155288, 9.959576137258239 ], [ 6.269370527570903, 9.986195328639335 ] ] ] } },
{ "type": "Feature", "properties": { "LAYER": "Zone V", "GM_TYPE": "Unknown Area Type", "NAME": "V", "ZONE": "V", "CLOSED": "YES", "BORDER_STY": "Solid", "BORDER_COL": "RGB(0,0,0)", "BORDER_WID": 1, "FILL_STYLE": "Diagonal Cross-Hatch", "FILL_COLOR": "RGB(0,0,0)", "LABEL_POS": "11.4948679688,7.5773034921", "FONT_NAME": "Times New Roman", "FONT_SIZE": 20, "FONT_COLOR": "RGB(0,0,0)", "FONT_CHARS": 0, "FONT_WEIGH": 700 }, "geometry": { "type": "Polygon", "coordinates": [ [ [ 9.317348097776639, 6.270294259452915 ], [ 9.220931218912849, 6.426714994286071 ], [ 9.14918844715997, 6.530592174061964 ], [ 9.111416980175134, 6.583471556131999 ], [ 9.111429663788853, 6.640117446537982 ], [ 9.151125170149507, 6.687311681404519 ], [ 9.228613725658306, 6.706163573917805 ], [ 9.328768643452142, 6.698554065091971 ], [ 9.444054267709152, 6.709792213562909 ], [ 9.540483029626467, 6.755010053269385 ], [ 9.595344221423167, 6.798372134907504 ], [ 9.708422602510343, 6.886371310891179 ], [ 9.782760111686885, 6.932980951586978 ], [ 9.892724551382015, 6.95948654795265 ], [ 10.055632080287188, 7.012689862128381 ], [ 10.127045333788212, 7.058503048256378 ], [ 10.198444699787828, 7.093920993062166 ], [ 10.273557736215414, 7.125608068016397 ], [ 10.368688728719613, 7.140908360153458 ], [ 10.433270569462026, 7.125882085964583 ], [ 10.536306133460471, 7.098066204960557 ], [ 10.567131871395524, 7.167451745124387 ], [ 10.554310379287086, 7.272747460136869 ], [ 10.578706854993111, 7.345035072923275 ], [ 10.620091236297899, 7.393477884851448 ], [ 10.710266109653832, 7.460416885122489 ], [ 10.790991004777537, 7.501208270394043 ], [ 10.88673369776069, 7.545653898546454 ], [ 11.012506056338452, 7.597409449182148 ], [ 11.097021592566019, 7.638113104188557 ], [ 11.222619352593805, 7.648694199515177 ], [ 11.3256892479576, 7.651886845973391 ], [ 11.434554139881174, 7.686776294189496 ], [ 11.56239040043832, 7.758873950598607 ], [ 11.667846759758607, 7.842266687406122 ], [ 11.72471168215327, 7.940879419553446 ], [ 11.736622266558966, 8.021882218944459 ], [ 11.690211963309919, 8.091286859546377 ], [ 11.638137203223136, 8.156992886275136 ], [ 11.574912547156446, 8.24144580095092 ], [ 11.562580864117853, 8.36479290325572 ], [ 11.533727707104433, 8.544280765030507 ], [ 11.553328015073468, 8.667419433115205 ], [ 11.584029991410963, 8.76246237385873 ], [ 11.691907046938756, 8.873757547454959 ], [ 11.780292679583837, 8.884313587764034 ], [ 11.881477646804283, 8.84993589344861 ], [ 11.911267665070321, 8.816096821766591 ], [ 12.006254207986943, 8.716398061514829 ], [ 12.104899105224296, 8.611061650196321 ], [ 12.134241281864698, 8.520534563314007 ], [ 12.187532670313045, 8.383831272018142 ], [ 12.228349054520232, 8.354711984531958 ], [ 12.230122991112649, 8.347513004674211 ], [ 12.237907991113129, 8.327595004702459 ], [ 12.241932991112835, 8.315684004719397 ], [ 12.249392991107554, 8.279916004770525 ], [ 12.257478991096072, 8.224632004849921 ], [ 12.258723991084253, 8.187208004903994 ], [ 12.257715991077497, 8.170435004928335 ], [ 12.256344991075739, 8.169045004930414 ], [ 12.245346991062975, 8.161377004942006 ], [ 12.23927899105135, 8.143414004968301 ], [ 12.229464991038707, 8.131853004985443 ], [ 12.222395991029728, 8.123525004997774 ], [ 12.211482991014678, 8.106440005022941 ], [ 12.206107991004263, 8.088713005048866 ], [ 12.209911991003022, 8.075427005068084 ], [ 12.213442991003152, 8.066960005080306 ], [ 12.216140990999211, 8.048384005107277 ], [ 12.21463099099403, 8.036660005124416 ], [ 12.213798990989904, 8.026320005139528 ], [ 12.218731990990413, 8.015571005155071 ], [ 12.220196990988487, 8.006168005168757 ], [ 12.219762990987126, 8.003181005173136 ], [ 12.221886990987834, 8.000000005177716 ], [ 12.219640990982073, 7.988361005194793 ], [ 12.210563990968321, 7.969399005222786 ], [ 12.198821990955661, 7.959527005237526 ], [ 12.196528990949332, 7.945756005257741 ], [ 12.191926990943776, 7.939787005266587 ], [ 12.187781990939973, 7.937950005269361 ], [ 12.182162990934039, 7.932968005276758 ], [ 12.177422990929081, 7.928766005283004 ], [ 12.171900990922712, 7.921878005293191 ], [ 12.165461990913144, 7.906958005315154 ], [ 12.161800990909342, 7.90343800532037 ], [ 12.152970990897435, 7.886087005345929 ], [ 12.141719990886648, 7.877093005359227 ], [ 12.132773990877345, 7.867188005373834 ], [ 12.113938990860511, 7.853803005393544 ], [ 12.096501990843828, 7.83629000541926 ], [ 12.093738990840112, 7.829891005428656 ], [ 12.083488990826496, 7.806165005463514 ], [ 12.073622990817624, 7.796714005477351 ], [ 12.068129990811627, 7.78773900549051 ], [ 12.067252990807589, 7.776026005507769 ], [ 12.061512990802813, 7.771413005514501 ], [ 12.060421990797447, 7.755565005537868 ], [ 12.056761990793399, 7.749123005547321 ], [ 12.046891990785282, 7.740820005559429 ], [ 12.042320990780054, 7.731847005572602 ], [ 12.040518990775865, 7.721073005588491 ], [ 12.037592990769097, 7.703586005614292 ], [ 12.037652990764467, 7.687742005637735 ], [ 12.035624990759979, 7.676253005654703 ], [ 12.031743990755311, 7.667512005667571 ], [ 12.026918990751906, 7.664738005671584 ], [ 12.020960990746659, 7.657597005682029 ], [ 12.0177619907431, 7.651155005691507 ], [ 12.022874990742185, 7.638774005709985 ], [ 12.024754990732694, 7.602802005763446 ], [ 12.02610399072589, 7.577009005801838 ], [ 12.028960990720153, 7.55221700583883 ], [ 12.032237990717766, 7.538220005859774 ], [ 12.0394319907171, 7.523089005882515 ], [ 12.012787990698998, 7.507599005904964 ], [ 12.007260990696395, 7.508038005904158 ], [ 12.000277990691814, 7.503990005910001 ], [ 11.992101990686516, 7.499251005916824 ], [ 11.970927990676218, 7.498022005917956 ], [ 11.960350990670541, 7.4949950059221 ], [ 11.950710990664222, 7.487837005932427 ], [ 11.935587990652675, 7.470093005958325 ], [ 11.924376990643076, 7.452592005984021 ], [ 11.903886990629145, 7.43250300601316 ], [ 11.897092990624619, 7.425840006022818 ], [ 11.893437990621234, 7.418705006033323 ], [ 11.888612990618778, 7.416618006036215 ], [ 11.84919899059223, 7.372818006099817 ], [ 11.836148990583141, 7.355996006124328 ], [ 11.829287990577818, 7.344942006140529 ], [ 11.825192990573889, 7.335393006154635 ], [ 11.822676990571486, 7.329524006163295 ], [ 11.818554990568819, 7.324683006170329 ], [ 11.812208990560357, 7.300536006206253 ], [ 11.804247990551715, 7.277530006240393 ], [ 11.80202899054578, 7.257535006270375 ], [ 11.803033990540706, 7.236862006301613 ], [ 11.805400990537203, 7.220560006326371 ], [ 11.807949990536951, 7.216435006332756 ], [ 11.80810099053644, 7.214319006335961 ], [ 11.810389990528776, 7.182211006384643 ], [ 11.816253990523569, 7.155124006426033 ], [ 11.825105990519425, 7.128507006466946 ], [ 11.841100990516825, 7.098931006512851 ], [ 11.844756990517224, 7.095913006517664 ], [ 11.846641990517437, 7.094358006520147 ], [ 11.848055990515713, 7.086092006532799 ], [ 11.846930990513643, 7.079654006542525 ], [ 11.843734990510951, 7.07343700655179 ], [ 11.838466990507722, 7.067671006560237 ], [ 11.831115990504637, 7.064883006564021 ], [ 11.827907990502773, 7.061654006568731 ], [ 11.80605899049548, 7.059727006570249 ], [ 11.771056990487004, 7.067166006556556 ], [ 11.761392990484287, 7.067356006555593 ], [ 11.751759990479671, 7.059963006566146 ], [ 11.749442990478935, 7.059597006566539 ], [ 11.745782990477773, 7.059020006567152 ], [ 11.737486990476302, 7.062202006561713 ], [ 11.731977990473974, 7.058962006566238 ], [ 11.718404990470315, 7.058906006565317 ], [ 11.71542999046849, 7.054757006571405 ], [ 11.715523990462883, 7.032468006605319 ], [ 11.707015990460421, 7.031513006606132 ], [ 11.697138990456954, 7.027795006611034 ], [ 11.687736990452724, 7.020401006621562 ], [ 11.682952990448767, 7.00935200663801 ], [ 11.674022990444099, 6.99943300665242 ], [ 11.664493990441022, 6.996342006656365 ], [ 11.662535990440396, 6.995708006657176 ], [ 11.662792990438852, 6.989274006667003 ], [ 11.648761990435403, 6.988755006666651 ], [ 11.638188990432374, 6.986412006669354 ], [ 11.631995990429765, 6.982248006646817 ], [ 11.626057990425981, 6.972342006661455 ], [ 11.62544499042137, 6.954184006689159 ], [ 11.622484990418952, 6.947047006699824 ], [ 11.6198259904126, 6.923595006735497 ], [ 11.614345990409142, 6.914379006749144 ], [ 11.600812990405549, 6.911665006752135 ], [ 11.58975299040266, 6.909447006754572 ], [ 11.580115990399291, 6.90388900676224 ], [ 11.571433990394192, 6.890292006782306 ], [ 11.567814990390055, 6.876257006803507 ], [ 11.559345990386054, 6.866797006817259 ], [ 11.557996990384119, 6.859897006827729 ], [ 11.558950990382355, 6.85185700684016 ], [ 11.574128990385594, 6.852612006840364 ], [ 11.578049990385839, 6.850331006844221 ], [ 11.581519990385374, 6.845520006851924 ], [ 11.585023990383135, 6.833354006870934 ], [ 11.584145990381215, 6.826189006881874 ], [ 11.583024990378753, 6.817028006895863 ], [ 11.597292990381254, 6.815251006899874 ], [ 11.597096990379246, 6.807206006912238 ], [ 11.600345990378365, 6.800784006922417 ], [ 11.584275990373364, 6.793818006931711 ], [ 11.576282990368622, 6.780913006950872 ], [ 11.574235990366869, 6.7753880069592 ], [ 11.575867990366026, 6.770568006966781 ], [ 11.580946990365932, 6.765993006974298 ], [ 11.589521990363975, 6.750861006998427 ], [ 11.59026099036145, 6.739831007015523 ], [ 11.588215990359634, 6.734076007024228 ], [ 11.586015990358913, 6.732947007025772 ], [ 11.573299990354814, 6.726426007034681 ], [ 11.564568990352711, 6.724779007036422 ], [ 11.557246990349178, 6.716012007049289 ], [ 11.556354990347456, 6.709572007059164 ], [ 11.551810990343586, 6.697140007077961 ], [ 11.557614990341643, 6.68452300709803 ], [ 11.55304999033889, 6.676687007109733 ], [ 11.554923990337356, 6.668880007122004 ], [ 11.553565990335935, 6.664048007129361 ], [ 11.549452990333723, 6.658053007138262 ], [ 11.545774990332918, 6.65757700713865 ], [ 11.538666990330487, 6.652948007145144 ], [ 11.53776799032916, 6.648117007152547 ], [ 11.529982990325959, 6.640727007163261 ], [ 11.529526990325676, 6.639893007164509 ], [ 11.522910990321583, 6.627823007182589 ], [ 11.525020990319817, 6.618867007196696 ], [ 11.520920990316929, 6.609883007210247 ], [ 11.511267990314986, 6.608921007210799 ], [ 11.505771990312807, 6.603839007218153 ], [ 11.498180990311585, 6.604266007216741 ], [ 11.49154399030879, 6.597339007226841 ], [ 11.48418699030746, 6.597077007226514 ], [ 11.476124990306852, 6.600260007220772 ], [ 11.462970990307134, 6.610774007203135 ], [ 11.45335199030346, 6.601996007215789 ], [ 11.442096990301, 6.59941600721866 ], [ 11.440347990300728, 6.599454007218418 ], [ 11.43335799029963, 6.599607007217472 ], [ 11.429937990297502, 6.592925007227493 ], [ 11.425816990295974, 6.589228007232811 ], [ 11.433238990293804, 6.575009007255657 ], [ 11.430375990286782, 6.547180007298627 ], [ 11.423284990283758, 6.539101007310469 ], [ 11.429531990282747, 6.530623007324309 ], [ 11.401709990278484, 6.530957007320901 ], [ 11.388742990275867, 6.528256007323747 ], [ 11.375751990273278, 6.525550007326586 ], [ 11.362635990271899, 6.52801800732136 ], [ 11.355983990270097, 6.524539007326066 ], [ 11.353733990267298, 6.5139540073423 ], [ 11.35537199026604, 6.50752400735249 ], [ 11.354241990264901, 6.50338100735882 ], [ 11.352636990264454, 6.502454007360088 ], [ 11.330551990261927, 6.505340007353227 ], [ 11.3245499902623, 6.510600007344395 ], [ 11.319484990261893, 6.511955007341736 ], [ 11.309784990262694, 6.521336007326095 ], [ 11.293419990262938, 6.532265007307328 ], [ 11.290640990262979, 6.534121007304138 ], [ 11.281654990262634, 6.537986007297159 ], [ 11.27223099026121, 6.537482007296913 ], [ 11.261248990257045, 6.525935007313654 ], [ 11.252048990255899, 6.526351007312002 ], [ 11.245174990253853, 6.5214900073188 ], [ 11.241486990253829, 6.523542007315202 ], [ 11.234312990255093, 6.53316300729947 ], [ 11.220036990254192, 6.537463007291214 ], [ 11.208082990252505, 6.536946007290693 ], [ 11.194966990251309, 6.539181007285769 ], [ 11.185747990251169, 6.543735007277673 ], [ 11.183908990251645, 6.546825007272677 ], [ 11.183429990251765, 6.547631007271372 ], [ 11.171415990252905, 6.559298007251943 ], [ 11.162888990252755, 6.563395007244638 ], [ 11.153464990251397, 6.562659007244728 ], [ 11.144992990248682, 6.555491007254889 ], [ 11.139072990245182, 6.543508007272801 ], [ 11.133802990243678, 6.539804007277952 ], [ 11.122305990242291, 6.539978007276389 ], [ 11.112191990240875, 6.539238007276392 ], [ 11.112196990240662, 6.538318007277819 ], [ 11.10094199023991, 6.541077007272267 ], [ 11.099081990241833, 6.550496007257456 ], [ 11.100169990248867, 6.580603007210958 ], [ 11.100221990257685, 6.619091007151457 ], [ 11.100260990264351, 6.648165007106585 ], [ 11.10572099027166, 6.677129007062544 ], [ 11.104790990272704, 6.682183007054657 ], [ 11.095789990273639, 6.691141007039869 ], [ 11.087275990274531, 6.699615007025883 ], [ 11.077586990276549, 6.713614007003284 ], [ 11.072060990276654, 6.717051006997387 ], [ 11.068610990276181, 6.716815006997368 ], [ 11.064477990274936, 6.713590007001865 ], [ 11.058953990274638, 6.715189006998798 ], [ 11.045380990273511, 6.717462006993792 ], [ 11.042383990273828, 6.720444006988874 ], [ 11.035947990272685, 6.718823006990649 ], [ 11.02608099026904, 6.70800500700617 ], [ 11.006563990263347, 6.693262007026639 ], [ 10.997843990260275, 6.684284007039464 ], [ 10.993928990260342, 6.686574007035506 ], [ 10.990943990259515, 6.684500007038355 ], [ 10.982892990258726, 6.685174007036411 ], [ 10.980355990259214, 6.688616007030825 ], [ 10.97713699025879, 6.688380007030828 ], [ 10.973691990257807, 6.685846007034332 ], [ 10.95320999025679, 6.691781007022892 ], [ 10.951829990256687, 6.692007007022386 ], [ 10.949316990254715, 6.684649007033414 ], [ 10.921900990256384, 6.705736006997905 ], [ 10.91959299025685, 6.708948006992715 ], [ 10.914234990263044, 6.738809006946306 ], [ 10.916964990266443, 6.752370006925839 ], [ 10.915564990268217, 6.760870006912664 ], [ 10.910948990269315, 6.767983006901257 ], [ 10.907263990269424, 6.770274006897336 ], [ 10.904738990268497, 6.767511006901284 ], [ 10.902456990266463, 6.759694006912982 ], [ 10.898774990266199, 6.760376006911531 ], [ 10.896570990266497, 6.762788006907587 ], [ 10.891857990267143, 6.767944006899164 ], [ 10.879602990272087, 6.795722006855313 ], [ 10.860020990272865, 6.80877800683316 ], [ 10.855199990271485, 6.805092006838254 ], [ 10.851747990271146, 6.805314006837528 ], [ 10.846447990271599, 6.809898006829928 ], [ 10.841156990271008, 6.809887006829354 ], [ 10.836308990272142, 6.817229006817597 ], [ 10.827547990273047, 6.825483006804025 ], [ 10.826844990274278, 6.831225006795193 ], [ 10.819682990276414, 6.844077006774801 ], [ 10.820137990276994, 6.846375006771356 ], [ 10.822659990278002, 6.849597006766731 ], [ 10.818044990278899, 6.855790006756785 ], [ 10.820100990280492, 6.861768006747917 ], [ 10.824923990281754, 6.864995006743542 ], [ 10.823981990283686, 6.873954006729805 ], [ 10.845935990298596, 6.92867900664911 ], [ 10.844775990299462, 6.933042006642365 ], [ 10.841314990300019, 6.937170006635721 ], [ 10.82127699030003, 6.947006006618589 ], [ 10.81598199029975, 6.948373006615928 ], [ 10.810449990300192, 6.952956006608376 ], [ 10.803755990301539, 6.96213100659374 ], [ 10.801912990301492, 6.962817006592496 ], [ 10.795709990300129, 6.959816006596354 ], [ 10.791796990299849, 6.960497006594887 ], [ 10.787182990300495, 6.965541006586741 ], [ 10.783498990300401, 6.966911006584263 ], [ 10.777748990299564, 6.965981006585034 ], [ 10.773387990298138, 6.96183500659082 ], [ 10.772022990296579, 6.955630006600064 ], [ 10.768115990295783, 6.954013006602079 ], [ 10.762571990297273, 6.963191006587568 ], [ 10.752203990297545, 6.969370006577073 ], [ 10.748275990298692, 6.976254006566224 ], [ 10.740651990300844, 6.988872006574702 ], [ 10.736045990300811, 6.990930006571083 ], [ 10.723853990299286, 6.989983006571163 ], [ 10.711405990300191, 6.99983300655494 ], [ 10.70493399030215, 7.011535006536594 ], [ 10.699860990302659, 7.016118006529134 ], [ 10.689733990301832, 7.017243006526316 ], [ 10.687432990301581, 7.017238006526073 ], [ 10.683499990303043, 7.025498006513208 ], [ 10.683927990305973, 7.038135006494247 ], [ 10.681618990306561, 7.04180400648848 ], [ 10.661344990306695, 7.051865006471123 ], [ 10.659059990305087, 7.045887006479851 ], [ 10.654921990304329, 7.044499006481479 ], [ 10.63695999030368, 7.049971006471272 ], [ 10.631206990303125, 7.050187006470311 ], [ 10.601227990305816, 7.075843006428502 ], [ 10.601424990305958, 7.076405006427683 ], [ 10.609220990311842, 7.098603006395279 ], [ 10.609658990313772, 7.106873006382944 ], [ 10.603638990316337, 7.120870006361339 ], [ 10.603355990320809, 7.140623006331768 ], [ 10.596201990321889, 7.148646006319002 ], [ 10.588139990321668, 7.151382006314035 ], [ 10.583518990322812, 7.158492006302914 ], [ 10.576606990322817, 7.161691006297386 ], [ 10.574084990321717, 7.158010006302604 ], [ 10.570690990316495, 7.136640006334148 ], [ 10.568960990311682, 7.116364006364272 ], [ 10.567121990306573, 7.094826006396297 ], [ 10.568749990305333, 7.088628006405761 ], [ 10.56760899030448, 7.085410006410455 ], [ 10.564387990304036, 7.084943006410801 ], [ 10.565596990299291, 7.063582006442952 ], [ 10.562870990296021, 7.050482006462294 ], [ 10.565664990293532, 7.038314006480875 ], [ 10.556341990283286, 6.997632006540973 ], [ 10.556021990282657, 6.995010006544883 ], [ 10.554541990279652, 6.982924006534525 ], [ 10.552716990278093, 6.976948006543335 ], [ 10.546522990275978, 6.970500006552372 ], [ 10.544702990274059, 6.962914006563619 ], [ 10.543152990268926, 6.941086006596415 ], [ 10.534201990266308, 6.933712006606548 ], [ 10.528933990263772, 6.924969006619169 ], [ 10.514908990261622, 6.921947006622151 ], [ 10.507243990259976, 6.918232006626903 ], [ 10.502043990258866, 6.915712006630121 ], [ 10.498372990257641, 6.912027006635277 ], [ 10.496560990255096, 6.901684006650722 ], [ 10.493731990254414, 6.899972006652991 ], [ 10.486343990253651, 6.900013006652084 ], [ 10.471072990255619, 6.915554006626838 ], [ 10.435893990251369, 6.912825006626957 ], [ 10.430613990250395, 6.91095600662918 ], [ 10.395989990246528, 6.909570006627325 ], [ 10.390367990245897, 6.909345006627021 ], [ 10.371524990243204, 6.906018006629898 ], [ 10.352894990241174, 6.905449006628625 ], [ 10.34439799023977, 6.903101006631196 ], [ 10.270467990230642, 6.896105006633283 ], [ 10.217492990224121, 6.891087006634765 ], [ 10.213099990224521, 6.894738006628748 ], [ 10.174900990231247, 6.940847006554865 ], [ 10.175271990232847, 6.94768100654462 ], [ 10.180105990233127, 6.946775006546535 ], [ 10.179851990234791, 6.95412700653545 ], [ 10.184865990238722, 6.969074006513546 ], [ 10.182553990239333, 6.972742006507765 ], [ 10.181584990242719, 6.987902006484879 ], [ 10.17698199024246, 6.988807006483003 ], [ 10.17374299024342, 6.994082006503122 ], [ 10.173730990244314, 6.99798700649727 ], [ 10.171185990245059, 7.002345006490453 ], [ 10.173238990246583, 7.008094006482082 ], [ 10.179887990248945, 7.015463006471804 ], [ 10.179187990249556, 7.018448006467255 ], [ 10.178033990249705, 7.019593006465412 ], [ 10.169518990248955, 7.020029006463798 ], [ 10.168134990249126, 7.021402006461581 ], [ 10.167429990250058, 7.025764006454976 ], [ 10.169242990252249, 7.03449900644212 ], [ 10.161407990252357, 7.038382006435435 ], [ 10.154897990251973, 7.039550006432951 ], [ 10.136859990246194, 7.022233006456804 ], [ 10.135015990244899, 7.017400006463823 ], [ 10.124230990241758, 7.008409006476055 ], [ 10.116925990239043, 6.999799006488104 ], [ 10.08975899023096, 6.976720006491211 ], [ 10.079911990228275, 6.969306006501219 ], [ 10.076720990226844, 6.96446000650813 ], [ 10.072820990226081, 6.962827006510136 ], [ 10.056127990220693, 6.946637006532546 ], [ 10.042595990216899, 6.936018006546954 ], [ 10.022476990211267, 6.92022900656838 ], [ 10.01200999020603, 6.902007006594593 ], [ 10.003049990204701, 6.900113006596407 ], [ 9.999999990203806, 6.897537006599931 ], [ 9.972617990195758, 6.874411006631592 ], [ 9.956667990188089, 6.848014006669528 ], [ 9.954634990187119, 6.844650006674367 ], [ 9.945013990184716, 6.838383006682698 ], [ 9.922614990177372, 6.816177006713595 ], [ 9.91848799017648, 6.814082006716284 ], [ 9.901352990170619, 6.796045006741521 ], [ 9.891321990166428, 6.782190006761286 ], [ 9.879951990162448, 6.769824006778647 ], [ 9.869679990162446, 6.774191006770829 ], [ 9.868410990162504, 6.775013006769432 ], [ 9.858383990163018, 6.781507006758433 ], [ 9.82295699015987, 6.782998006751992 ], [ 9.817201990159623, 6.784357006749262 ], [ 9.811891990160371, 6.789854006740333 ], [ 9.808206990160325, 6.791220006737836 ], [ 9.806612990159101, 6.786619006744595 ], [ 9.804775990158713, 6.785694006745779 ], [ 9.802700990158829, 6.787066006743462 ], [ 9.796951990158155, 6.786587006743504 ], [ 9.795789990158834, 6.790030006738169 ], [ 9.790493990158632, 6.791390006735487 ], [ 9.784035990159159, 6.796423006727132 ], [ 9.778779990156464, 6.786985006740758 ], [ 9.778159990155778, 6.784299006744742 ], [ 9.77538399015272, 6.772267006762587 ], [ 9.769441990149744, 6.761908006777539 ], [ 9.774750990149098, 6.756871006785781 ], [ 9.775681990148446, 6.753657006790755 ], [ 9.774317990147301, 6.749287006797204 ], [ 9.765381990144292, 6.740066006810091 ], [ 9.761955990142461, 6.733620006819442 ], [ 9.760639990138298, 6.716152006845737 ], [ 9.755852990135159, 6.704646006862599 ], [ 9.760952990133104, 6.693635006879905 ], [ 9.75636999013164, 6.689252006886 ], [ 9.761723990128129, 6.671807006913117 ], [ 9.755988990126603, 6.667651006918734 ], [ 9.758074990125795, 6.663292006925611 ], [ 9.75718799012369, 6.654557006938775 ], [ 9.755585990123052, 6.652483006941731 ], [ 9.74983999012227, 6.651545006942461 ], [ 9.747550990121351, 6.648549006946745 ], [ 9.745742990119204, 6.640040006959459 ], [ 9.741182990116254, 6.629224006975355 ], [ 9.741437990114731, 6.62256100698552 ], [ 9.730931990109168, 6.602992007014034 ], [ 9.723921990101127, 6.571254007061548 ], [ 9.723230990100793, 6.570092007063236 ], [ 9.717945990098142, 6.560907007076604 ], [ 9.718681990097572, 6.558136007080921 ], [ 9.7108379900888, 6.523579007132727 ], [ 9.709180990086942, 6.516276007143687 ], [ 9.706892990086022, 6.51328000714799 ], [ 9.705051990085893, 6.513504007147422 ], [ 9.701156990084709, 6.510043007152236 ], [ 9.696095990084313, 6.510485007150935 ], [ 9.692859990085108, 6.515300007143176 ], [ 9.69009899008489, 6.515521007142498 ], [ 9.686665990083538, 6.511142007148772 ], [ 9.678378990083299, 6.513640007143932 ], [ 9.668736990081381, 6.509470007149119 ], [ 9.665972990081483, 6.511069007146336 ], [ 9.662263990082931, 6.518870007133961 ], [ 9.657650990083322, 6.522531007127798 ], [ 9.652101990084692, 6.530784007114515 ], [ 9.65028899008292, 6.523883007124828 ], [ 9.644012990082153, 6.523233007125048 ], [ 9.638795990081524, 6.522694007125232 ], [ 9.633522990080042, 6.51853800713093 ], [ 9.623840990080524, 6.524708007120318 ], [ 9.615101990079776, 6.525136007118593 ], [ 9.608195990079576, 6.52718000711462 ], [ 9.603583990079928, 6.530612007108817 ], [ 9.599215990079443, 6.530365007108655 ], [ 9.597154990078756, 6.52829000711157 ], [ 9.592837990075241, 6.514944007131409 ], [ 9.586658990072872, 6.507338007142265 ], [ 9.586691990070898, 6.498834007155263 ], [ 9.584880990069063, 6.491704007165934 ], [ 9.587425990068299, 6.487346007172908 ], [ 9.588201990065544, 6.475138007191677 ], [ 9.584772990064353, 6.471444007196899 ], [ 9.566293990060061, 6.460731007211006 ], [ 9.542636990054577, 6.447016007229056 ], [ 9.528181990052188, 6.442779007233743 ], [ 9.513693990050921, 6.443369007231035 ], [ 9.472485990048812, 6.451362007213672 ], [ 9.466174990047865, 6.449895007215126 ], [ 9.462670990044558, 6.437161007234172 ], [ 9.461869990043803, 6.434249007238533 ], [ 9.4625789900428, 6.429656007245652 ], [ 9.459393990040516, 6.42114000725829 ], [ 9.46171999003924, 6.414713007268426 ], [ 9.46036199003777, 6.408961007277067 ], [ 9.455128990034206, 6.395841007296525 ], [ 9.452424990030787, 6.382269007316999 ], [ 9.448294990029956, 6.380415007319327 ], [ 9.44761899002949, 6.378708007321861 ], [ 9.447383990029332, 6.378113007322745 ], [ 9.447168990027174, 6.368926007336819 ], [ 9.44699199002539, 6.361333007348453 ], [ 9.433844990013508, 6.315772007416828 ], [ 9.42372399001284, 6.317112007413482 ], [ 9.392393990013558, 6.333082007384945 ], [ 9.386166990014132, 6.338114007376427 ], [ 9.378085990013643, 6.339323007373547 ], [ 9.367483990013765, 6.34417600736475 ], [ 9.353182990014044, 6.351202007352152 ], [ 9.350651990013851, 6.351415007351506 ], [ 9.344944990012012, 6.345856007359316 ], [ 9.343013990007263, 6.326298007389106 ], [ 9.337989990005696, 6.321664007395591 ], [ 9.340464990004765, 6.316658007403595 ], [ 9.341685990003302, 6.309898007414145 ], [ 9.340333990001673, 6.303457007423879 ], [ 9.341044990000505, 6.298173007432094 ], [ 9.333734989997328, 6.28757100744748 ], [ 9.332595989996635, 6.285038007451233 ], [ 9.325466989996054, 6.285470007449654 ], [ 9.324785989995563, 6.283628007452401 ], [ 9.328016989995117, 6.280423007457752 ], [ 9.328258989994549, 6.277895007461671 ], [ 9.325744989993501, 6.274438007466673 ], [ 9.320468989992895, 6.273972007466718 ], [ 9.317348097776639, 6.270294259452911 ], [ 9.317348097776639, 6.270294259452915 ] ] ] } },
{ "type": "Feature", "properties": { "LAYER": "Zone I", "GM_TYPE": "Unknown Area Type", "NAME": "I", "ZONE": "I", "CLOSED": "YES", "BORDER_STY": "Solid", "BORDER_COL": "RGB(0,0,0)", "BORDER_WID": 1, "FILL_STYLE": "Vertical Hatch", "FILL_COLOR": "RGB(128,128,128)", "LABEL_POS": "7.0767690858,5.1307131735", "FONT_NAME": "Times New Roman", "FONT_SIZE": 20, "FONT_COLOR": "RGB(0,0,0)", "FONT_CHARS": 0, "FONT_WEIGH": 700 }, "geometry": { "type": "Polygon", "coordinates": [ [ [ 5.197330013068062, 5.487932388488849 ], [ 5.377868824004074, 5.431941444472264 ], [ 5.633106350788251, 5.371894986803951 ], [ 5.952787455903287, 5.327417650520396 ], [ 6.050990070290777, 5.34943870013986 ], [ 6.201176132785801, 5.430168203560686 ], [ 6.345240740165535, 5.51700969091303 ], [ 6.46168581756231, 5.603716823631028 ], [ 6.574756745468967, 5.770449541215838 ], [ 6.681934098724328, 5.887898067563555 ], [ 6.813910373355625, 5.971571007850835 ], [ 6.915422462670572, 5.984283033299707 ], [ 7.041679167074804, 5.966270036984971 ], [ 7.109487960455855, 5.938788879087985 ], [ 7.21425558078531, 5.902177287961132 ], [ 7.272820309805456, 5.8746414278503 ], [ 7.402168710427346, 5.84730358730427 ], [ 7.494570399972711, 5.822915519962724 ], [ 7.602402206885492, 5.780065099736253 ], [ 7.827174122629215, 5.737441892897566 ], [ 7.931876933019397, 5.706837366020071 ], [ 8.110436126843574, 5.67633000681626 ], [ 8.329019674510834, 5.624243085415237 ], [ 8.541428145095875, 5.559739205345281 ], [ 8.719933511892441, 5.52595475414937 ], [ 8.8781919024901, 5.52600830192144 ], [ 8.875786989774808, 5.522766008580929 ], [ 8.868268989771119, 5.510083008599983 ], [ 8.866101989769255, 5.503006008610907 ], [ 8.862841989766439, 5.49235100862736 ], [ 8.860619989762549, 5.4767020086519 ], [ 8.85788998976099, 5.471170008660303 ], [ 8.843723989756135, 5.456158008682142 ], [ 8.839852989754149, 5.449241008692589 ], [ 8.838063989751646, 5.439343008708082 ], [ 8.842961989748368, 5.423497008734011 ], [ 8.842544989746274, 5.414756008747875 ], [ 8.839827989744071, 5.406464008760703 ], [ 8.839867989742178, 5.398415008773537 ], [ 8.843141989739625, 5.386262008793389 ], [ 8.836986989737623, 5.38023300880212 ], [ 8.827434989726902, 5.338518008867349 ], [ 8.821836989721712, 5.318694008898231 ], [ 8.814023989714459, 5.291020008941381 ], [ 8.817449989708333, 5.263668008985715 ], [ 8.816297989701287, 5.234209009032814 ], [ 8.818034989697507, 5.217427009060025 ], [ 8.816715989691783, 5.193666009098027 ], [ 8.816416989689673, 5.184829009112191 ], [ 8.806290989685632, 5.171716009131795 ], [ 8.800384989681978, 5.158578009152071 ], [ 8.793311989679246, 5.149806009165145 ], [ 8.791809989678192, 5.14594500917114 ], [ 8.7895299896766, 5.14008300918025 ], [ 8.785603989673847, 5.129989009195937 ], [ 8.775337989669783, 5.11683100921562 ], [ 8.766188989667336, 5.110119009225081 ], [ 8.744868989663955, 5.104269009231324 ], [ 8.74327398966326, 5.101962009234804 ], [ 8.744451989661959, 5.095986009244625 ], [ 8.743558989660627, 5.090692009253035 ], [ 8.73668998965916, 5.087210009257624 ], [ 8.731898989657294, 5.081207009266596 ], [ 8.721835989654604, 5.073800009277044 ], [ 8.717093989650413, 5.057906009302009 ], [ 8.712527989648835, 5.053055009309159 ], [ 8.709809989646848, 5.045681009320673 ], [ 8.711915989645151, 5.037640009333995 ], [ 8.710092989644318, 5.034872009338192 ], [ 8.701618989642649, 5.031151009342929 ], [ 8.703720989641111, 5.023801009355142 ], [ 8.702131989640145, 5.020343009360495 ], [ 8.70136198964002, 5.020136009360711 ], [ 8.697776989639461, 5.019172009361733 ], [ 8.682017989634275, 5.00345700938478 ], [ 8.682492989633504, 5.000000009390454 ], [ 8.684798989633238, 4.997949009394121 ], [ 8.694216989633802, 4.996614009397718 ], [ 8.699066989632799, 4.990426009408477 ], [ 8.69770698963185, 4.986969009413873 ], [ 8.693343989631551, 4.987409009412495 ], [ 8.690377989630452, 4.983944009417661 ], [ 8.686247989630003, 4.983695009417435 ], [ 8.683045989629155, 4.981380009420699 ], [ 8.681704989627351, 4.974242009432063 ], [ 8.67049798962444, 4.966368009443127 ], [ 8.667310989622948, 4.961292009450871 ], [ 8.67009098962196, 4.956015009459856 ], [ 8.668044989620837, 4.952095009465907 ], [ 8.658439989618357, 4.945378009475338 ], [ 8.651781989617831, 4.94580700947362 ], [ 8.649742989616389, 4.940506009481914 ], [ 8.649764989615361, 4.936136009489012 ], [ 8.654642989613054, 4.924428009508767 ], [ 8.653301989611244, 4.917291009520151 ], [ 8.649653989609757, 4.912443009527473 ], [ 8.628553989607163, 4.909811009528508 ], [ 8.621463989605404, 4.905177009534953 ], [ 8.613489989601929, 4.893637009552477 ], [ 8.608230989600566, 4.889931009557691 ], [ 8.60489298959906, 4.884876009565398 ], [ 8.603799989597322, 4.87796400957647 ], [ 8.604555989595383, 4.86945600959043 ], [ 8.60965698959429, 4.86282300960201 ], [ 8.623978989592832, 4.850972009623523 ], [ 8.628869989591122, 4.841807009639208 ], [ 8.629452989587481, 4.826164009664799 ], [ 8.614378989583978, 4.817299009676917 ], [ 8.598407989579782, 4.805896009693031 ], [ 8.590404989578202, 4.80238000969752 ], [ 8.581229989577277, 4.80207700969659 ], [ 8.572705989577496, 4.806380009688243 ], [ 8.568273989579255, 4.815549009672607 ], [ 8.561828989579242, 4.818028009667564 ], [ 8.555879989578189, 4.815909009670091 ], [ 8.545613989574711, 4.805224009685912 ], [ 8.545184989574562, 4.804778009686573 ], [ 8.539078989571372, 4.793684009703711 ], [ 8.530888989564342, 4.767189009745675 ], [ 8.525885989560045, 4.751006009771325 ], [ 8.527481989554424, 4.726633009811419 ], [ 8.531088989552975, 4.71910000982431 ], [ 8.532495989551691, 4.71312500983431 ], [ 8.531598989551261, 4.711647009836587 ], [ 8.530676989550807, 4.71012500983893 ], [ 8.519460989548556, 4.705009009845539 ], [ 8.508895989548057, 4.707027009840574 ], [ 8.5096449895454, 4.695529009859512 ], [ 8.493597989543298, 4.692919009861257 ], [ 8.489020989542322, 4.690596009864339 ], [ 8.484428989542058, 4.691263009862521 ], [ 8.474074989542446, 4.696962009851556 ], [ 8.459829989542044, 4.700802009843023 ], [ 8.459578989543004, 4.704941009836213 ], [ 8.466357989548326, 4.724759009804874 ], [ 8.469090989549453, 4.728453009799265 ], [ 8.474832989549718, 4.727332009802 ], [ 8.475512989550163, 4.728945009799466 ], [ 8.478455989552232, 4.736551009787504 ], [ 8.47338698955274, 4.740667009779983 ], [ 8.465051989555409, 4.755117009755075 ], [ 8.461597989555575, 4.757170009751182 ], [ 8.460573989554261, 4.752026009759418 ], [ 8.45980998955328, 4.748190009765564 ], [ 8.450920989549779, 4.736874009782648 ], [ 8.448401989549334, 4.735940009783778 ], [ 8.441509989549123, 4.737746009779747 ], [ 8.43512698954668, 4.729893009791568 ], [ 8.429172989545583, 4.727562009794441 ], [ 8.42045898954461, 4.726828009794268 ], [ 8.415169989544669, 4.729102009789719 ], [ 8.411464989545857, 4.735524009778646 ], [ 8.404831989544315, 4.731580009784044 ], [ 8.397237989544598, 4.735682009776149 ], [ 8.387969989547789, 4.752658009746986 ], [ 8.388407989548758, 4.756570009740677 ], [ 8.40278798955341, 4.770676009719931 ], [ 8.398409989553826, 4.774104009713652 ], [ 8.397931989554651, 4.777782009707582 ], [ 8.401112989556376, 4.783780009698307 ], [ 8.393743989556844, 4.788572009689346 ], [ 8.382773989553872, 4.780235009701214 ], [ 8.375900989552804, 4.77836000970319 ], [ 8.370849989552502, 4.779025009701317 ], [ 8.360470989553907, 4.788863009683666 ], [ 8.346436989554322, 4.795921009669979 ], [ 8.333290989556026, 4.808045009648192 ], [ 8.334591989559483, 4.822084009625568 ], [ 8.33822498956151, 4.829235009614511 ], [ 8.336155989561485, 4.829914009613082 ], [ 8.328145989559831, 4.82596200961826 ], [ 8.324010989559676, 4.826860009616153 ], [ 8.309005989562262, 4.843345009587037 ], [ 8.300242989563337, 4.851120009573053 ], [ 8.298410989563004, 4.8504210095739 ], [ 8.290146989562425, 4.851068009571565 ], [ 8.288528989562774, 4.853129009567966 ], [ 8.271586989559555, 4.845910009577043 ], [ 8.265407989558344, 4.84311700958061 ], [ 8.262455989556713, 4.83735100958951 ], [ 8.266617989555716, 4.831622009599464 ], [ 8.263430989554331, 4.827004009606463 ], [ 8.259083989553393, 4.824681009609555 ], [ 8.256323989553424, 4.825817009607281 ], [ 8.250160989551452, 4.819804009616085 ], [ 8.261014989549411, 4.807209009638245 ], [ 8.269345989547084, 4.794371009660423 ], [ 8.275805989546125, 4.78796300967186 ], [ 8.28661698954595, 4.783189009681323 ], [ 8.308269989544186, 4.767660009710007 ], [ 8.314279989542813, 4.759640009724023 ], [ 8.317992989541285, 4.751838009737321 ], [ 8.318013989540358, 4.747927009743702 ], [ 8.313696989538103, 4.74008300975581 ], [ 8.314695989534643, 4.725136009780355 ], [ 8.310343989533969, 4.72396300978158 ], [ 8.313142989533381, 4.720416009787813 ], [ 8.309905989532623, 4.718475009790469 ], [ 8.31182798953248, 4.717147009792942 ], [ 8.318173989533367, 4.718482009791765 ], [ 8.324887989531295, 4.707246009811172 ], [ 8.323490989522037, 4.668821009873767 ], [ 8.320763989520636, 4.663977009881257 ], [ 8.316867989520116, 4.663266009881799 ], [ 8.312069989518802, 4.659561009887099 ], [ 8.318994989517574, 4.651775009900942 ], [ 8.326579989517613, 4.649054009906605 ], [ 8.329822989516545, 4.643320009916514 ], [ 8.319562989512812, 4.631534009934184 ], [ 8.31825898950952, 4.618185009955853 ], [ 8.315289989508646, 4.615639009959554 ], [ 8.309556989508067, 4.61537900995906 ], [ 8.30750798950722, 4.612608009963281 ], [ 8.307812989503914, 4.598577009986339 ], [ 8.306467989502426, 4.592818009995571 ], [ 8.295532989498087, 4.578729010016944 ], [ 8.290273989496896, 4.575710010021054 ], [ 8.293039989496547, 4.573194010025628 ], [ 8.299235989497001, 4.572767010027326 ], [ 8.286244989492147, 4.557285010050666 ], [ 8.280110989489014, 4.546441010067497 ], [ 8.282655989488317, 4.542544010074312 ], [ 8.27923598948707, 4.53861501008022 ], [ 8.271900989486189, 4.537656010080616 ], [ 8.24235798948369, 4.538301010074788 ], [ 8.237946989483317, 4.538398010073915 ], [ 8.203065989480827, 4.540973010064055 ], [ 8.193190989480486, 4.543221010058772 ], [ 8.149599989476915, 4.544367010049844 ], [ 8.124583989475244, 4.546533010042247 ], [ 8.116713989474455, 4.546094010041695 ], [ 8.03767298946658, 4.541686010036134 ], [ 8.011061989464377, 4.54199801003131 ], [ 8.000751989463, 4.539870010033126 ], [ 7.995241989462746, 4.540760010030776 ], [ 7.992013989463127, 4.54350201002576 ], [ 7.987661989462477, 4.542327010026979 ], [ 7.981257989461158, 4.539071010031273 ], [ 7.967736989459503, 4.5369250100326 ], [ 7.941585989457332, 4.537007010028216 ], [ 7.935608989457378, 4.539275010023531 ], [ 7.929965989456785, 4.538767010023449 ], [ 7.937012989456392, 4.534681010031284 ], [ 7.900101989452732, 4.532187010029372 ], [ 7.884962989451237, 4.531165010028578 ], [ 7.81300198944274, 4.520168010034855 ], [ 7.794677989440195, 4.515690010039199 ], [ 7.775404989438853, 4.516498010034726 ], [ 7.774968989437927, 4.51281501004068 ], [ 7.764201989436509, 4.510451010042791 ], [ 7.719039989431947, 4.506274010042236 ], [ 7.701175989429481, 4.50179701004663 ], [ 7.685814989427991, 4.500556010046139 ], [ 7.678044989426271, 4.495908010052472 ], [ 7.672770989425802, 4.495646010052035 ], [ 7.666102989425893, 4.498137010046863 ], [ 7.66056998942657, 4.502705010038484 ], [ 7.659897989425913, 4.500170010042519 ], [ 7.664052989425176, 4.495824010050312 ], [ 7.661317989424301, 4.493047010054406 ], [ 7.656280989423577, 4.491637010055888 ], [ 7.626290989419037, 4.482255010066299 ], [ 7.623534989418991, 4.482928010064748 ], [ 7.622857989418497, 4.481083010067654 ], [ 7.614617989417201, 4.478273010070896 ], [ 7.608426989416666, 4.478005010070314 ], [ 7.602911989416634, 4.479582010066825 ], [ 7.599206989417686, 4.485081010057221 ], [ 7.598924989419721, 4.493591010043257 ], [ 7.591592989418831, 4.492167010044377 ], [ 7.583411989415326, 4.480154010062675 ], [ 7.581033989409593, 4.457134010099953 ], [ 7.579669989409038, 4.455286010102751 ], [ 7.574170989408405, 4.454332010103406 ], [ 7.525313989404927, 4.454722010094676 ], [ 7.493586989402124, 4.452568010092945 ], [ 7.465704989399695, 4.450673010091425 ], [ 7.436181989395196, 4.440596010103 ], [ 7.422192989394154, 4.44027801010119 ], [ 7.414186989392813, 4.437007010105209 ], [ 7.400885989391826, 4.436693010103508 ], [ 7.370261989390975, 4.441696010090222 ], [ 7.330395989389917, 4.448208010072936 ], [ 7.32188798939013, 4.451375010066343 ], [ 7.320524989389595, 4.449525010069135 ], [ 7.309513989388922, 4.449685010067038 ], [ 7.314699989384134, 4.428553010102426 ], [ 7.313343989383317, 4.4255530101071 ], [ 7.308085989382358, 4.422989010110411 ], [ 7.273289989377743, 4.41310201012074 ], [ 7.270054989377161, 4.411555010122727 ], [ 7.258657989375124, 4.406106010129719 ], [ 7.248800989374328, 4.405352010129294 ], [ 7.223177989370418, 4.395752010140676 ], [ 7.220221989369342, 4.392053010146223 ], [ 7.214024989369119, 4.392702010144119 ], [ 7.205115989367286, 4.387352010151361 ], [ 7.196164989367007, 4.388444010148065 ], [ 7.150411989363488, 4.385043010145885 ], [ 7.141836989362838, 4.384405010145476 ], [ 7.136325989362732, 4.385289010143096 ], [ 7.131720989363133, 4.388019010137854 ], [ 7.128422989366006, 4.400650010116664 ], [ 7.130409989368857, 4.411936010098574 ], [ 7.134279989370088, 4.41610201009243 ], [ 7.140764989368242, 4.406943010108479 ], [ 7.143290989368279, 4.406500010109627 ], [ 7.145343989368794, 4.408124010107323 ], [ 7.144870989369267, 4.410192010103867 ], [ 7.141192989369327, 4.411317010101409 ], [ 7.13911198936982, 4.41383401009695 ], [ 7.141792989372487, 4.424204010080478 ], [ 7.159746989379418, 4.448479010043912 ], [ 7.164272989381864, 4.45748101003 ], [ 7.148369989383645, 4.468648010009134 ], [ 7.140977989385051, 4.476191009995613 ], [ 7.128634989382815, 4.469898010003785 ], [ 7.1206209893819, 4.468004010005521 ], [ 7.118581989380892, 4.464310010011194 ], [ 7.116059989380685, 4.464063010011171 ], [ 7.112364989381367, 4.467720010004597 ], [ 7.109398989380634, 4.465399010007877 ], [ 7.105060989379712, 4.462609010011689 ], [ 7.103220989379772, 4.463287010010276 ], [ 7.100155989378378, 4.458235010017985 ], [ 7.100570989377514, 4.454581010024008 ], [ 7.104429989377666, 4.454323010025076 ], [ 7.10537198937683, 4.450649010031221 ], [ 7.097807989376228, 4.449908010031152 ], [ 7.085609989377035, 4.456038010019109 ], [ 7.082188989376169, 4.453254010023063 ], [ 7.075546989375462, 4.451829010024263 ], [ 7.076248989374998, 4.449764010027743 ], [ 7.074659989374352, 4.44745301003124 ], [ 7.061629989372115, 4.441154010039296 ], [ 7.036879989370021, 4.437996010040247 ], [ 7.030931989369195, 4.435885010042677 ], [ 7.026339989369109, 4.436544010040823 ], [ 7.018937989370886, 4.445467010025038 ], [ 7.019837989371545, 4.448003010021063 ], [ 7.024913989370763, 4.443666010028982 ], [ 7.027657989371189, 4.444835010027545 ], [ 7.01793098937395, 4.458343010003913 ], [ 7.000914989374542, 4.464439009991108 ], [ 6.991502989374321, 4.465525009987747 ], [ 6.992440989373646, 4.462541009992758 ], [ 6.98931298937064, 4.450787010011346 ], [ 6.997278989365264, 4.426915010051566 ], [ 7.001466989363422, 4.418431010066101 ], [ 7.008625989362079, 4.411348010078862 ], [ 7.013475989361168, 4.406550010087514 ], [ 7.013041989360306, 4.40309601009307 ], [ 7.0051339893561, 4.387418010117296 ], [ 7.006296989356041, 4.386930010118287 ], [ 7.00786898935652, 4.388567010115888 ], [ 7.014223989359143, 4.398043010101515 ], [ 7.014682989358104, 4.39364901010876 ], [ 7.011545989356437, 4.387442010118352 ], [ 7.006978989355519, 4.384651010122127 ], [ 6.996282989352109, 4.372845010139562 ], [ 6.988949989351505, 4.371875010139891 ], [ 6.983429989351771, 4.374138010135248 ], [ 6.975577989353257, 4.38190601012123 ], [ 6.972555989354492, 4.387637010111363 ], [ 6.968682989353399, 4.383929010116749 ], [ 6.970769989352731, 4.380723010122336 ], [ 6.970097989352134, 4.378417010125979 ], [ 6.965073989351154, 4.375392010130057 ], [ 6.950633989350137, 4.374143010129615 ], [ 6.936356989351422, 4.382327010113812 ], [ 6.906493989351617, 4.389023010097757 ], [ 6.870449989351161, 4.394064010083325 ], [ 6.856356989346277, 4.376482010109533 ], [ 6.868111989344827, 4.36828201012494 ], [ 6.870196989344198, 4.365305010130153 ], [ 6.868609989343516, 4.362763010134024 ], [ 6.859225989342463, 4.360168010136629 ], [ 6.84629798934157, 4.358859010136523 ], [ 6.803078989338643, 4.354483010136128 ], [ 6.782017989336509, 4.34927301014094 ], [ 6.757501989334748, 4.346109010141801 ], [ 6.73801598933372, 4.345050010140096 ], [ 6.729975989333831, 4.346833010135776 ], [ 6.723286989334832, 4.35207701012605 ], [ 6.713893989334124, 4.350629010126758 ], [ 6.704749989332822, 4.346653010131615 ], [ 6.702498989331351, 4.340885010140617 ], [ 6.633315989326415, 4.330724010144864 ], [ 6.626459989325396, 4.327454010148962 ], [ 6.621676989324182, 4.323048010155285 ], [ 6.616866989323843, 4.322322010155607 ], [ 6.613643989324117, 4.323910010152442 ], [ 6.610388989325424, 4.32986701014215 ], [ 6.603455989326881, 4.336949010129374 ], [ 6.592247989325554, 4.332956010133859 ], [ 6.585392989324548, 4.329685010137948 ], [ 6.575997989324012, 4.328696010137868 ], [ 6.541562989322421, 4.326619010135013 ], [ 6.493475989320285, 4.323717010130954 ], [ 6.466251989317445, 4.315002010140128 ], [ 6.457525989317561, 4.316547010136001 ], [ 6.455474989317123, 4.314922010138265 ], [ 6.447656989317538, 4.317624010132419 ], [ 6.435449989318795, 4.324435010119076 ], [ 6.429216989319851, 4.329679010109396 ], [ 6.433988989321341, 4.33546601010087 ], [ 6.430038989322783, 4.342109010089339 ], [ 6.421100989322352, 4.341352010088906 ], [ 6.411504989321, 4.336678010094719 ], [ 6.403470989320978, 4.33753801009182 ], [ 6.398239989319539, 4.33197701009988 ], [ 6.415141989315137, 4.311169010136875 ], [ 6.411489989314496, 4.30884101013998 ], [ 6.339321989310602, 4.300013010140727 ], [ 6.299431989309241, 4.298327010135829 ], [ 6.288668989308544, 4.29640501013688 ], [ 6.250373989307572, 4.296110010129921 ], [ 6.24142398930756, 4.296961010126783 ], [ 6.238418989308161, 4.299929010121368 ], [ 6.236589989307962, 4.299224010122158 ], [ 6.224250989306404, 4.293608010128862 ], [ 6.220396989305057, 4.288056010137125 ], [ 6.213539989304274, 4.285242010140346 ], [ 6.16173498930249, 4.282538010134399 ], [ 6.138596989301317, 4.279596010134504 ], [ 6.113830989300753, 4.279631010129392 ], [ 6.101934989300206, 4.278377010128986 ], [ 6.090230989299668, 4.277144010128572 ], [ 6.084264989299614, 4.277556010126663 ], [ 6.080340989300217, 4.280746010120666 ], [ 6.076201989300406, 4.282094010117617 ], [ 6.062576989302586, 4.293719010095894 ], [ 6.056671989302377, 4.293461010095079 ], [ 6.051084989302962, 4.296848010088404 ], [ 6.034525989303777, 4.302698010075422 ], [ 6.01845398930385, 4.305100010068112 ], [ 5.999999989304789, 4.312031010052925 ], [ 5.995476989304381, 4.310730010054064 ], [ 5.988362989304081, 4.310305010053219 ], [ 5.981054989305314, 4.317247010040385 ], [ 5.965748989307765, 4.331365010014177 ], [ 5.960704989307744, 4.332079010011921 ], [ 5.95481398930826, 4.335548010005012 ], [ 5.881077989314165, 4.378965009918312 ], [ 5.855246989317088, 4.400037009878354 ], [ 5.853442989318385, 4.407182009866403 ], [ 5.851148989318269, 4.40719300986586 ], [ 5.848642989318905, 4.411118009858943 ], [ 5.841309989318924, 4.413225009853845 ], [ 5.825773989320918, 4.428031009826333 ], [ 5.811585989321717, 4.436615009809157 ], [ 5.800381989322683, 4.44541500979232 ], [ 5.785503989323283, 4.4537720097753 ], [ 5.769272989324684, 4.467430009749389 ], [ 5.760584989325362, 4.474606009735728 ], [ 5.754662989326721, 4.484532009718312 ], [ 5.746707989329256, 4.50206500968817 ], [ 5.735957989329786, 4.50994200967286 ], [ 5.732984989329946, 4.512257009668401 ], [ 5.714224989330624, 4.525465009642505 ], [ 5.706685989331297, 4.533326009627985 ], [ 5.703269989332047, 4.539557009617115 ], [ 5.70051498933171, 4.53910900961714 ], [ 5.695714989331996, 4.543505009608865 ], [ 5.693426989332047, 4.545127009605678 ], [ 5.683337989331325, 4.546783009600442 ], [ 5.674190989331668, 4.554421009585836 ], [ 5.64197998933371, 4.588867009522207 ], [ 5.621664989335318, 4.61497000947501 ], [ 5.60953998933639, 4.632343009443951 ], [ 5.589269989337875, 4.661385009392014 ], [ 5.566683989339121, 4.694172009333413 ], [ 5.54753398934023, 4.725333009278334 ], [ 5.542069989340767, 4.736406009259142 ], [ 5.542779989341594, 4.741467009251293 ], [ 5.540268989341598, 4.744932009245058 ], [ 5.519518989341625, 4.775238009190851 ], [ 5.516082989341581, 4.780257009181862 ], [ 5.505148989341951, 4.801021009145656 ], [ 5.481654989341219, 4.837953009080024 ], [ 5.45887298934064, 4.881326009004343 ], [ 5.459119989341167, 4.88546800899787 ], [ 5.45891198934171, 4.89076400898943 ], [ 5.463313989343986, 4.900643008975175 ], [ 5.464239989344465, 4.902711008972196 ], [ 5.459307989343844, 4.908720008961169 ], [ 5.455329989343315, 4.913568008952272 ], [ 5.452837989343559, 4.921865008938387 ], [ 5.446002989343094, 4.935015008915481 ], [ 5.444644989343232, 4.939855008907411 ], [ 5.446766989345319, 4.953657008886308 ], [ 5.44452698934618, 4.967708008863445 ], [ 5.432862989346066, 5.000000008808877 ], [ 5.422944989345709, 5.027462008762487 ], [ 5.422044989345664, 5.029952008758284 ], [ 5.418633989345362, 5.038253008744132 ], [ 5.403570989342493, 5.061564008702586 ], [ 5.370968989335664, 5.121314008597943 ], [ 5.367559989335041, 5.130305008582694 ], [ 5.368494989335735, 5.134445008576534 ], [ 5.373323989337782, 5.136266008575337 ], [ 5.369458989337026, 5.145949008558863 ], [ 5.368550989336897, 5.148945008553859 ], [ 5.359170989333788, 5.157960008536531 ], [ 5.354374989332298, 5.164655008524396 ], [ 5.352102989331801, 5.170879008513871 ], [ 5.352348989332217, 5.175251008507128 ], [ 5.356049989334276, 5.182141008497649 ], [ 5.356807989334945, 5.186950008490399 ], [ 5.356992989335112, 5.188122008488634 ], [ 5.355470989336047, 5.209994008453955 ], [ 5.348459989334946, 5.238103008407666 ], [ 5.347156989335676, 5.257442008377086 ], [ 5.331816989331825, 5.31031500828939 ], [ 5.328570989330895, 5.321502008270845 ], [ 5.32793998933144, 5.336235008247743 ], [ 5.32295898932998, 5.354897008216991 ], [ 5.32437098933119, 5.363637008203954 ], [ 5.326678989332543, 5.366620008200165 ], [ 5.330356989334463, 5.367295008200447 ], [ 5.338837989338453, 5.362428008211035 ], [ 5.35491298934628, 5.361212008218611 ], [ 5.361559989349238, 5.357732008226332 ], [ 5.376716989356283, 5.356749008233094 ], [ 5.389844989362961, 5.365441008224101 ], [ 5.387598989362941, 5.378339008203372 ], [ 5.387419989363853, 5.391228008183367 ], [ 5.372257989356696, 5.39106000817843 ], [ 5.36491398935329, 5.39293200817299 ], [ 5.350823989346777, 5.399578008157767 ], [ 5.344735989343889, 5.402450008151172 ], [ 5.321793989332383, 5.41036800813066 ], [ 5.300010989320962, 5.420813008106462 ], [ 5.289688989315278, 5.424767008096467 ], [ 5.280046989309763, 5.426646008089897 ], [ 5.260779989298518, 5.43477800806988 ], [ 5.243127989287776, 5.444514008047863 ], [ 5.23643198928361, 5.450863008035361 ], [ 5.197330013068062, 5.487932388488849 ] ] ] } },
{ "type": "Feature", "properties": { "LAYER": "Zone IVb", "GM_TYPE": "Unknown Area Type", "NAME": "IVb", "ZONE": "IVb", "CLOSED": "YES", "BORDER_STY": "Solid", "BORDER_COL": "RGB(0,0,0)", "BORDER_WID": 1, "FILL_STYLE": "Black Dot Pattern", "FILL_COLOR": "RGB(255,255,255)", "LABEL_POS": "10.5157659137,8.3107595570", "FONT_NAME": "Times New Roman", "FONT_SIZE": 20, "FONT_COLOR": "RGB(0,0,0)", "FONT_CHARS": 0, "FONT_WEIGH": 700 }, "geometry": { "type": "Polygon", "coordinates": [ [ [ 12.230122991112637, 8.347513004674212 ], [ 12.228349054520232, 8.354711984531958 ], [ 12.187532670313045, 8.383831272018142 ], [ 12.134241281864698, 8.520534563314007 ], [ 12.104899105224296, 8.611061650196321 ], [ 12.006254207986943, 8.716398061514825 ], [ 11.911267665070321, 8.816096821766591 ], [ 11.881477646804283, 8.84993589344861 ], [ 11.780292679583837, 8.884313587764034 ], [ 11.691907046938756, 8.873757547454959 ], [ 11.584029991410963, 8.76246237385873 ], [ 11.553328015073468, 8.667419433115205 ], [ 11.533727707104433, 8.544280765030503 ], [ 11.562580864117853, 8.36479290325572 ], [ 11.574912547156446, 8.24144580095092 ], [ 11.638137203223136, 8.156992886275134 ], [ 11.690211963309919, 8.091286859546377 ], [ 11.736622266558966, 8.021882218944459 ], [ 11.72471168215327, 7.940879419553445 ], [ 11.667846759758607, 7.842266687406122 ], [ 11.56239040043832, 7.758873950598606 ], [ 11.434554139881174, 7.686776294189496 ], [ 11.3256892479576, 7.651886845973391 ], [ 11.222619352593805, 7.648694199515173 ], [ 11.097021592566019, 7.638113104188555 ], [ 11.012506056338452, 7.597409449182148 ], [ 10.88673369776069, 7.545653898546454 ], [ 10.790991004777537, 7.501208270394043 ], [ 10.710266109653832, 7.460416885122486 ], [ 10.620091236297899, 7.393477884851448 ], [ 10.578706854993111, 7.345035072923273 ], [ 10.554310379287086, 7.272747460136869 ], [ 10.567131871395524, 7.167451745124387 ], [ 10.536306133460471, 7.098066204960556 ], [ 10.433270569462026, 7.125882085964579 ], [ 10.368688728719613, 7.140908360153456 ], [ 10.273557736215414, 7.125608068016396 ], [ 10.198444699787828, 7.093920993062166 ], [ 10.127045333788212, 7.058503048256375 ], [ 10.055632080287188, 7.012689862128379 ], [ 9.892724551382015, 6.95948654795265 ], [ 9.782760111686885, 6.932980951586978 ], [ 9.708422602510343, 6.886371310891176 ], [ 9.68169896845008, 6.865580234574106 ], [ 9.598910070132595, 6.991391586935928 ], [ 9.512593526720005, 7.164253614627758 ], [ 9.4440830461589, 7.292406130901834 ], [ 9.384547453982275, 7.48309332595517 ], [ 9.351768289937763, 7.728127659665863 ], [ 9.366880237108404, 7.924701287558389 ], [ 9.396895046202497, 8.049772803941245 ], [ 9.432944679883899, 8.204619131877466 ], [ 9.505059615552852, 8.45472543654853 ], [ 9.626828225891513, 8.787144827951247 ], [ 9.703691279749465, 8.950352416710999 ], [ 9.803110289457099, 9.139473903507023 ], [ 9.868152718424426, 9.238785082680847 ], [ 9.888910292600318, 9.255800881053647 ], [ 10.131303089545897, 9.504189593885368 ], [ 10.204326763647147, 9.654972643310519 ], [ 10.275406612435827, 9.652997260852962 ], [ 10.453811300244869, 9.658186527882057 ], [ 11.033729685600191, 9.707512470759337 ], [ 11.319186205910945, 9.724557140116817 ], [ 11.599787897110531, 9.731965457807389 ], [ 11.89931321149713, 9.734266235631383 ], [ 12.113402704884265, 9.755939940296972 ], [ 12.289092221383218, 9.740154902333362 ], [ 12.635326578953723, 9.684835271310835 ], [ 12.862815938763335, 9.644680566685988 ], [ 13.013988026627201, 9.581752319996419 ], [ 13.112966710056098, 9.516755322150402 ], [ 13.104555994023235, 9.517880002772507 ], [ 13.091155993947513, 9.511603002790386 ], [ 13.07122299384792, 9.513568002800898 ], [ 13.05966999378691, 9.509481002813997 ], [ 13.058924993783014, 9.509217002814841 ], [ 13.050297993741637, 9.510068002819111 ], [ 13.046823993725027, 9.510303002820947 ], [ 13.043341993704084, 9.505481002829777 ], [ 13.018996993576939, 9.490575002865066 ], [ 13.002529993489793, 9.475655002895223 ], [ 12.998590993471277, 9.474511002899026 ], [ 12.990020993432836, 9.473834002904765 ], [ 12.983763993403658, 9.471544002911374 ], [ 12.976351993371257, 9.471095002916037 ], [ 12.971711993347231, 9.46581400292582 ], [ 12.971016993343724, 9.465124002927151 ], [ 12.957798993278079, 9.452267002951858 ], [ 12.941112993203145, 9.443782002972101 ], [ 12.93276699316306, 9.435056002988301 ], [ 12.927891993136013, 9.424715003004977 ], [ 12.915608993082127, 9.416682003021984 ], [ 12.901247993023956, 9.412102003035029 ], [ 12.879004992932929, 9.399940003061838 ], [ 12.871128992901296, 9.395350003071599 ], [ 12.863716992872968, 9.392600003078575 ], [ 12.86387099287305, 9.391911003079455 ], [ 12.85476899283632, 9.384972003092875 ], [ 12.857358992840851, 9.378320003100969 ], [ 12.855332992827705, 9.369342003114209 ], [ 12.856297992827008, 9.363370003122055 ], [ 12.863730992850375, 9.359507003124268 ], [ 12.894525992960949, 9.359001003111501 ], [ 12.899872992978324, 9.355584003113801 ], [ 12.902439992985586, 9.352381003117067 ], [ 12.90392899297977, 9.336527003138359 ], [ 12.900754992960417, 9.3259330031545 ], [ 12.902475992955285, 9.309851003176046 ], [ 12.900989992934559, 9.288463003206434 ], [ 12.901329992923531, 9.271223003230261 ], [ 12.90367499292867, 9.266409003235896 ], [ 12.904933992921796, 9.250325003257737 ], [ 12.9038889929052, 9.232388003283225 ], [ 12.892157992855187, 9.221285003303947 ], [ 12.890138992840926, 9.211159003318956 ], [ 12.889470992835678, 9.207017003325035 ], [ 12.889948992835755, 9.204721003328034 ], [ 12.88951299283117, 9.200351003334326 ], [ 12.883111992800261, 9.188130003354171 ], [ 12.88152999279079, 9.182374003362884 ], [ 12.884362992794429, 9.173427003374186 ], [ 12.879818992769653, 9.160297003394495 ], [ 12.87872599275911, 9.150407003408803 ], [ 12.880132992761876, 9.147427003412377 ], [ 12.885710992778245, 9.143322003415744 ], [ 12.888763992783725, 9.135985003424716 ], [ 12.88740999277536, 9.130690003432719 ], [ 12.891617992785152, 9.123819003440547 ], [ 12.892352992783067, 9.117158003449569 ], [ 12.887995992764008, 9.11138600345955 ], [ 12.88571899275221, 9.105626003468613 ], [ 12.887629992752084, 9.095984003481334 ], [ 12.886770992741992, 9.085635003496252 ], [ 12.882671992721091, 9.075498003512237 ], [ 12.876024992692281, 9.06603400352834 ], [ 12.873568992674883, 9.052459003548451 ], [ 12.877548992682813, 9.044668003557771 ], [ 12.878977992683195, 9.038240003566232 ], [ 12.878327992676322, 9.031342003576235 ], [ 12.874901992660435, 9.024656003587072 ], [ 12.85978299259641, 9.002501003624436 ], [ 12.85499999257368, 8.991211003642265 ], [ 12.845637992532476, 8.973227003671285 ], [ 12.833045992481541, 8.954305003702778 ], [ 12.820389992437955, 8.945493003719875 ], [ 12.803391992378016, 8.929070003749111 ], [ 12.799240992365249, 8.927666003752529 ], [ 12.790295992333551, 8.917268003770273 ], [ 12.790172992323425, 8.901179003793061 ], [ 12.800870992347406, 8.89113500380364 ], [ 12.801601992345946, 8.88539400381152 ], [ 12.796807992327036, 8.876632003825568 ], [ 12.789750992297542, 8.860501003850803 ], [ 12.788418992288991, 8.852449003862672 ], [ 12.789620992287997, 8.845333003872366 ], [ 12.794079992294192, 8.835250003885184 ], [ 12.79873999230349, 8.829305003892063 ], [ 12.80649899231293, 8.80936100391777 ], [ 12.808924992308972, 8.791911003941777 ], [ 12.808940992307454, 8.789384003945376 ], [ 12.801199992275494, 8.772331003972303 ], [ 12.790657992239046, 8.759627003993922 ], [ 12.783760992217482, 8.754528004003435 ], [ 12.773141992188831, 8.753542004008224 ], [ 12.767809992176522, 8.756266004006021 ], [ 12.75624799214777, 8.758030004007066 ], [ 12.746087992121616, 8.757275004011181 ], [ 12.739403992103725, 8.755164004016143 ], [ 12.734791992091653, 8.753984004019157 ], [ 12.729027992076599, 8.752339004023156 ], [ 12.722585992058898, 8.748620004030265 ], [ 12.716414992038729, 8.738929004045763 ], [ 12.713237992026738, 8.730866004058113 ], [ 12.714289992019101, 8.712491004083999 ], [ 12.713708992008883, 8.696403004107097 ], [ 12.710772991996839, 8.68696300412136 ], [ 12.694920991954049, 8.675140004142406 ], [ 12.69195099194488, 8.670526004149758 ], [ 12.68651699192451, 8.655095004173168 ], [ 12.687440991926561, 8.655101004172925 ], [ 12.681244991909933, 8.649546004182408 ], [ 12.678965991902741, 8.645394004188903 ], [ 12.67345599188833, 8.640762004196866 ], [ 12.665837991871804, 8.640481004199104 ], [ 12.654269991848931, 8.643620004197336 ], [ 12.643656991826251, 8.642399004201506 ], [ 12.628515991788628, 8.628739004224332 ], [ 12.600504991723396, 8.607178004260932 ], [ 12.588798991696935, 8.597906004276469 ], [ 12.583963991687101, 8.596034004280073 ], [ 12.57542199167144, 8.595974004281754 ], [ 12.566147991657161, 8.601192004276008 ], [ 12.556430991641143, 8.603880004273915 ], [ 12.532814991604186, 8.612441004265735 ], [ 12.522641991587848, 8.614205004264875 ], [ 12.496028991547806, 8.622052004257801 ], [ 12.484936991530789, 8.623349004257573 ], [ 12.480325991523177, 8.62239600425958 ], [ 12.473902991510958, 8.617064004268062 ], [ 12.469787991502384, 8.611749004276179 ], [ 12.469588991500329, 8.607612004282089 ], [ 12.468258991495384, 8.600709004292092 ], [ 12.468799991491924, 8.590604004306403 ], [ 12.465846991484833, 8.584379004315661 ], [ 12.461269991475833, 8.57929000432352 ], [ 12.458503991471519, 8.578810004324565 ], [ 12.452083991459734, 8.573248004333308 ], [ 12.446834991448926, 8.565627004344822 ], [ 12.442774991438123, 8.553650004362394 ], [ 12.441851991436794, 8.553642004362523 ], [ 12.439197991426953, 8.538919004383846 ], [ 12.43767499142008, 8.527421004400439 ], [ 12.433605991409935, 8.516593004416375 ], [ 12.41739399137886, 8.494875004449245 ], [ 12.411485991366323, 8.483343004466381 ], [ 12.405059991356046, 8.478930004473369 ], [ 12.396992991345027, 8.477718004475935 ], [ 12.383609991327729, 8.477385004477735 ], [ 12.372295991313761, 8.477986004477941 ], [ 12.367459991307319, 8.476800004480078 ], [ 12.357586991292951, 8.470749004489599 ], [ 12.352559991284611, 8.464737004498623 ], [ 12.349347991279913, 8.462415004502216 ], [ 12.338506991266929, 8.461869004503878 ], [ 12.319538991247137, 8.467232004497678 ], [ 12.309387991235651, 8.466920004498851 ], [ 12.301804991225936, 8.463183004504709 ], [ 12.285974991204945, 8.452259004521339 ], [ 12.285983991204537, 8.451111004522975 ], [ 12.279554991196424, 8.447383004528698 ], [ 12.269205991184272, 8.443393004535007 ], [ 12.259969991175073, 8.444006004534643 ], [ 12.248679991163106, 8.442076004537995 ], [ 12.242953991155778, 8.437204004545237 ], [ 12.237026991147136, 8.428885004557403 ], [ 12.230988991133753, 8.406783004589274 ], [ 12.225499991117729, 8.375038004634947 ], [ 12.226056991114493, 8.364017004650712 ], [ 12.227802991113704, 8.356928004660803 ], [ 12.230122991112637, 8.347513004674212 ] ] ] } },
{ "type": "Feature", "properties": { "LAYER": "Zone III", "GM_TYPE": "Unknown Area Type", "NAME": "III", "ZONE": "III", "CLOSED": "YES", "BORDER_STY": "Solid", "BORDER_COL": "RGB(0,0,0)", "BORDER_WID": 1, "FILL_STYLE": "Diagonal Cross-Hatch", "FILL_COLOR": "RGB(128,128,128)", "LABEL_POS": "4.1303567593,7.0424238800", "FONT_NAME": "Times New Roman", "FONT_SIZE": 20, "FONT_COLOR": "RGB(0,0,0)", "FONT_CHARS": 0, "FONT_WEIGH": 700 }, "geometry": { "type": "Polygon", "coordinates": [ [ [ 2.7454930534707, 8.464879293560978 ], [ 2.89369543092843, 8.378174098721688 ], [ 3.020946498618907, 8.324332214687882 ], [ 3.1122876943471, 8.278207052507753 ], [ 3.230044345719621, 8.21936400460268 ], [ 3.357692157758306, 8.13446781795243 ], [ 3.452419513528987, 8.098947260640074 ], [ 3.592468975122435, 8.063995575969697 ], [ 3.75884457824182, 8.053872021379416 ], [ 3.870889042096452, 8.064802516666946 ], [ 3.971243652614148, 8.05772674185741 ], [ 4.148308904450998, 8.02656460094784 ], [ 4.285963449318044, 7.997239775705263 ], [ 4.493915208662717, 7.94733603093334 ], [ 4.622502430884241, 7.912483511183476 ], [ 4.716564642555895, 7.884855511205291 ], [ 4.800825536024283, 7.879988559200455 ], [ 4.866463630925265, 7.823420148778983 ], [ 4.976696608203968, 7.70430458617353 ], [ 5.221994494810902, 7.316773249404021 ], [ 5.397984753829161, 7.119722672431308 ], [ 5.663148615120627, 6.831525319850596 ], [ 5.864335355248199, 6.665102445541242 ], [ 6.051153515490528, 6.51112001634539 ], [ 6.266391882991993, 6.397395519014775 ], [ 6.666352025959904, 6.199628065001934 ], [ 6.909218443715036, 6.1146612337387 ], [ 7.032314693327089, 6.032209736965379 ], [ 7.094194158278739, 5.944988142673798 ], [ 7.041679167074803, 5.966270036984971 ], [ 6.915422462670569, 5.984283033299705 ], [ 6.813910373355623, 5.971571007850836 ], [ 6.681934098724327, 5.887898067563555 ], [ 6.574756745468965, 5.770449541215838 ], [ 6.472705167802041, 5.619969025595935 ], [ 6.378018838931466, 5.748028407670386 ], [ 6.238844263006087, 5.91050332156396 ], [ 6.127399725797096, 6.048431959828564 ], [ 5.969496897165848, 6.229128086418277 ], [ 5.86426372152484, 6.333126917493873 ], [ 5.7345461220282, 6.409238905522815 ], [ 5.632496412077426, 6.48548313311342 ], [ 5.52374956663745, 6.519147270950677 ], [ 5.27692278693713, 6.609634776045874 ], [ 5.125879967869656, 6.645374403842488 ], [ 4.882636107004408, 6.671070982639598 ], [ 4.664230171607023, 6.675342035122176 ], [ 4.332151368302184, 6.67844679513541 ], [ 4.083360167876639, 6.663740981626278 ], [ 4.000505177077169, 6.653697402416794 ], [ 3.801088608401893, 6.630153485395304 ], [ 3.619704263376112, 6.649691532506939 ], [ 3.414048958159158, 6.647406214124236 ], [ 3.119216571224924, 6.622590923961971 ], [ 2.945198129998589, 6.556138187412477 ], [ 2.720551633040045, 6.508877437849352 ], [ 2.724708963160164, 6.52638999815601 ], [ 2.729330963228825, 6.534425998183171 ], [ 2.742932963550605, 6.545427998294486 ], [ 2.750556963675671, 6.557364998341564 ], [ 2.753122963632741, 6.570466998334394 ], [ 2.744645963241182, 6.583830998214486 ], [ 2.742687963126018, 6.589444998180216 ], [ 2.735970962727946, 6.608693998062143 ], [ 2.731427962368185, 6.630784997958671 ], [ 2.752458962713679, 6.665681998087722 ], [ 2.760764962900026, 6.674166998151175 ], [ 2.769983963140376, 6.679888998230137 ], [ 2.784899963487841, 6.693272998346037 ], [ 2.78658996352701, 6.694789998359044 ], [ 2.785977963245539, 6.723306998282702 ], [ 2.789702963219933, 6.738932998281293 ], [ 2.789497963128756, 6.74813199825666 ], [ 2.786293962966853, 6.754579998208882 ], [ 2.778712962679868, 6.759199998121428 ], [ 2.762370962161806, 6.757637997959103 ], [ 2.751789961798586, 6.759047997846368 ], [ 2.744668961516167, 6.763666997760511 ], [ 2.739150961314724, 6.765292997698445 ], [ 2.733535961009438, 6.776994997609461 ], [ 2.73274396096614, 6.778646997596866 ], [ 2.729321960735071, 6.790153997531229 ], [ 2.727972960574236, 6.801655997487618 ], [ 2.729831960569839, 6.808548997490061 ], [ 2.749244960934095, 6.839305997618742 ], [ 2.744662960699989, 6.847135997550748 ], [ 2.743767960576251, 6.856565997517606 ], [ 2.750518960529891, 6.885057997517849 ], [ 2.750869960447209, 6.894716997497462 ], [ 2.751512960295562, 6.912415997460151 ], [ 2.74787296001098, 6.928290997381855 ], [ 2.726934959242981, 6.930418997150515 ], [ 2.720041958948714, 6.934806997063835 ], [ 2.718214958825554, 6.940330997029688 ], [ 2.720639958439094, 6.986535996967849 ], [ 2.727285958592525, 6.995455997018763 ], [ 2.729185958636314, 6.998006997033254 ], [ 2.743265959004829, 7.01244999715084 ], [ 2.752951959287241, 7.019319997238287 ], [ 2.766550959705554, 7.026407997365796 ], [ 2.775087959939987, 7.033509997438393 ], [ 2.7854539602774, 7.036468997539386 ], [ 2.792602960481832, 7.041275997601677 ], [ 2.781818959982445, 7.053721997459599 ], [ 2.767117959343349, 7.065257997276492 ], [ 2.762977959179651, 7.06664899722895 ], [ 2.758906958988967, 7.070922997174838 ], [ 2.752877958704677, 7.077251997094243 ], [ 2.745092958260546, 7.092676996971411 ], [ 2.74510995819576, 7.099113996955639 ], [ 2.750652958334935, 7.105763996999684 ], [ 2.767257958836234, 7.116981997151343 ], [ 2.775345959021266, 7.128220997210174 ], [ 2.784868959064652, 7.159226997235803 ], [ 2.783793958839319, 7.178180997178627 ], [ 2.783551958788476, 7.182445997165757 ], [ 2.774253957925745, 7.23441999694057 ], [ 2.76208795732257, 7.248245996774788 ], [ 2.756569957081532, 7.251019996707417 ], [ 2.750600956783433, 7.2574729966256 ], [ 2.749459956700904, 7.261152996603895 ], [ 2.748867956345443, 7.293224996518585 ], [ 2.748856956339122, 7.293791996517073 ], [ 2.750053956207442, 7.311026996488207 ], [ 2.747439955529043, 7.365961996324342 ], [ 2.747577954992611, 7.417438996200073 ], [ 2.749600955076091, 7.417383996223166 ], [ 2.757018955380754, 7.417181996307391 ], [ 2.762781955592942, 7.419232996367001 ], [ 2.78580995651834, 7.418707996622298 ], [ 2.795724956862218, 7.423274996718832 ], [ 2.799187956965577, 7.426482996748471 ], [ 2.799680956870326, 7.437970996726544 ], [ 2.798190956365245, 7.482554996604924 ], [ 2.792926956034502, 7.494519996519382 ], [ 2.788595955833964, 7.497128996465827 ], [ 2.786028955714613, 7.498675996433971 ], [ 2.775236955152151, 7.510654996285924 ], [ 2.762130954523867, 7.518964996118767 ], [ 2.754767954191489, 7.521283996029482 ], [ 2.749485953902716, 7.527502995953925 ], [ 2.74606595362209, 7.540149995883801 ], [ 2.747695953617549, 7.547037995885895 ], [ 2.746107953455864, 7.555773995846329 ], [ 2.73622895292828, 7.565222995708309 ], [ 2.73028095250565, 7.580173995601789 ], [ 2.729012952262507, 7.597197995545104 ], [ 2.728055952078309, 7.610048995502283 ], [ 2.729011951978343, 7.622911995482163 ], [ 2.725393951538738, 7.647965995377692 ], [ 2.730367951191814, 7.699182995312173 ], [ 2.729116950870016, 7.722891995239417 ], [ 2.727955950569844, 7.74490499517183 ], [ 2.73240595046776, 7.772227995159119 ], [ 2.729463950106525, 7.792221995075058 ], [ 2.724667949708028, 7.807625994979287 ], [ 2.720297949465672, 7.810852994917953 ], [ 2.71131894901347, 7.813174994801534 ], [ 2.709255948869843, 7.817085994766337 ], [ 2.706300948546682, 7.832713994691164 ], [ 2.704049948383185, 7.837429994651404 ], [ 2.695760947776386, 7.854792994504191 ], [ 2.668431945994128, 7.889780994064957 ], [ 2.675814946325801, 7.8932059941528 ], [ 2.687849946687096, 7.913382994258379 ], [ 2.690879946684796, 7.926236994265571 ], [ 2.695500946861258, 7.930817994313493 ], [ 2.69737394682083, 7.942065994309775 ], [ 2.699545946803164, 7.952676994311464 ], [ 2.704546946870144, 7.968104994337385 ], [ 2.707383946655529, 7.998212994299995 ], [ 2.707330946631683, 7.999999994294971 ], [ 2.720732946679751, 8.053063994336091 ], [ 2.723287946714154, 8.061088994348939 ], [ 2.728829946925568, 8.066809994404744 ], [ 2.729069946894812, 8.070479994398953 ], [ 2.724041946472171, 8.084950994301055 ], [ 2.724982946433587, 8.092291994295286 ], [ 2.730543946567281, 8.104896994335002 ], [ 2.73253994652871, 8.116839994331505 ], [ 2.729915946261436, 8.128304994271156 ], [ 2.732246946256465, 8.138854994275279 ], [ 2.736647946378522, 8.147562994309752 ], [ 2.744042946654805, 8.156033994381898 ], [ 2.748213946764816, 8.164741994413065 ], [ 2.751047946617155, 8.189977994388665 ], [ 2.750155946447436, 8.200766994352206 ], [ 2.751326946427514, 8.207647994350546 ], [ 2.754101946526267, 8.211311994376302 ], [ 2.740313945665318, 8.224663994172886 ], [ 2.737360945456605, 8.229427994124405 ], [ 2.732068945080431, 8.237965994037129 ], [ 2.726775944701408, 8.24650599394932 ], [ 2.718497944177979, 8.253642993825835 ], [ 2.714597943886767, 8.260538993758797 ], [ 2.711181943513845, 8.276155993676847 ], [ 2.698123942421958, 8.307177993430109 ], [ 2.695631942073283, 8.324168993355849 ], [ 2.69644394188906, 8.342565993322266 ], [ 2.69697994176729, 8.354719993300112 ], [ 2.697100941739993, 8.357447993295157 ], [ 2.708659942231348, 8.369581993419793 ], [ 2.714008942309676, 8.387240993448236 ], [ 2.711290941927043, 8.406072993367426 ], [ 2.70694694150786, 8.420316993275708 ], [ 2.714585941796487, 8.431542993350373 ], [ 2.726116942431535, 8.431970993500958 ], [ 2.734892942861726, 8.436306993604864 ], [ 2.740680943073635, 8.445013993659163 ], [ 2.742542943067309, 8.454028993662035 ], [ 2.744186943061828, 8.461990993664575 ], [ 2.7454930534707, 8.464879293560978 ] ] ] } },
{ "type": "Feature", "properties": { "LAYER": "Zone II", "GM_TYPE": "Unknown Area Type", "NAME": "II", "ZONE": "II", "CLOSED": "YES", "BORDER_STY": "Solid", "BORDER_COL": "RGB(0,0,0)", "BORDER_WID": 1, "FILL_STYLE": "Solid Fill", "FILL_COLOR": "RGB(128,128,128)", "LABEL_POS": "5.5226490303,6.0029319125", "FONT_NAME": "Times New Roman", "FONT_SIZE": 20, "FONT_COLOR": "RGB(0,0,0)", "FONT_CHARS": 0, "FONT_WEIGH": 700 }, "geometry": { "type": "Polygon", "coordinates": [ [ [ 2.720551633040047, 6.508877437849347 ], [ 2.945198129998591, 6.556138187412477 ], [ 3.119216571224926, 6.622590923961968 ], [ 3.414048958159162, 6.647406214124232 ], [ 3.619704263376113, 6.649691532506934 ], [ 3.801088608401896, 6.630153485395304 ], [ 4.000505177077173, 6.653697402416792 ], [ 4.083360167876641, 6.663740981626277 ], [ 4.332151368302186, 6.678446795135408 ], [ 4.664230171607025, 6.675342035122176 ], [ 4.882636107004412, 6.671070982639597 ], [ 5.125879967869658, 6.645374403842488 ], [ 5.276922786937133, 6.609634776045872 ], [ 5.523749566637452, 6.519147270950675 ], [ 5.632496412077428, 6.485483133113419 ], [ 5.734546122028202, 6.409238905522813 ], [ 5.864263721524844, 6.333126917493873 ], [ 5.969496897165849, 6.229128086418275 ], [ 6.127399725797099, 6.048431959828562 ], [ 6.23884426300609, 5.91050332156396 ], [ 6.378018838931466, 5.748028407670386 ], [ 6.472705167802041, 5.619969025595934 ], [ 6.46168581756231, 5.603716823631025 ], [ 6.345240740165535, 5.517009690913028 ], [ 6.201176132785801, 5.430168203560682 ], [ 6.050990070290777, 5.349438700139859 ], [ 5.952787455903287, 5.327417650520396 ], [ 5.633106350788251, 5.371894986803951 ], [ 5.377868824004074, 5.431941444472264 ], [ 5.197330013068062, 5.487932388488849 ], [ 5.190474989252469, 5.494430007949071 ], [ 5.183155989247066, 5.503204007932403 ], [ 5.180881989245316, 5.509887007921115 ], [ 5.181163989245381, 5.523694007899939 ], [ 5.176627989241749, 5.539821007873121 ], [ 5.180199989244297, 5.553434007853694 ], [ 5.17330898923865, 5.574353007818508 ], [ 5.173782989238954, 5.578264007812699 ], [ 5.141273989211533, 5.610837007748154 ], [ 5.133496989204496, 5.620532007729707 ], [ 5.122749989194428, 5.635070007702411 ], [ 5.12069398919244, 5.638318007696461 ], [ 5.094416989165732, 5.679820007620299 ], [ 5.07794798914809, 5.701053007579706 ], [ 5.07429798914382, 5.708890007565887 ], [ 5.072054989140335, 5.724316007541146 ], [ 5.07185098913956, 5.731450007530121 ], [ 5.074905989141233, 5.750308007502786 ], [ 5.06106998912554, 5.763774007475249 ], [ 5.046010989108787, 5.768133007460887 ], [ 5.036395989097064, 5.778294007440351 ], [ 5.012178989064215, 5.820030007363704 ], [ 4.999999989046163, 5.845251007318563 ], [ 4.999433989045306, 5.84642300731646 ], [ 4.99392298903687, 5.857833007296008 ], [ 4.981130989017213, 5.880659007254039 ], [ 4.962612988987991, 5.909716007199158 ], [ 4.929392988933494, 5.951212007116244 ], [ 4.920495988918081, 5.96232600709389 ], [ 4.909045988897958, 5.975481007066768 ], [ 4.880404988846138, 6.00365000700563 ], [ 4.839973988767698, 6.040316006922771 ], [ 4.825394988737628, 6.053536006892512 ], [ 4.796521988674253, 6.082623006827533 ], [ 4.780242988637427, 6.096711006794031 ], [ 4.763065988595048, 6.117704006749054 ], [ 4.750225988563821, 6.129019006721874 ], [ 4.74981298856281, 6.129367006721022 ], [ 4.693124988415283, 6.177058006602161 ], [ 4.651602988297332, 6.208939006517242 ], [ 4.629582988230333, 6.226722006469957 ], [ 4.612138988176847, 6.237589006436941 ], [ 4.594016988117636, 6.252139006397216 ], [ 4.574052988050813, 6.266694006355151 ], [ 4.55616598798648, 6.283541006311149 ], [ 4.529321987888174, 6.304786006250347 ], [ 4.527177987880444, 6.305960006246245 ], [ 4.508196987810713, 6.316352006209586 ], [ 4.448021987577571, 6.344366006097027 ], [ 4.434467987522311, 6.349926006071976 ], [ 4.411416987428477, 6.35573400603425 ], [ 4.387353987326873, 6.361794005993866 ], [ 4.361387987211462, 6.369920005946633 ], [ 4.335178987094185, 6.373904005904198 ], [ 4.287347986872837, 6.376696005830265 ], [ 4.281368986844101, 6.377045005820705 ], [ 4.236307986615033, 6.383608005740073 ], [ 4.222048986541261, 6.384107005716118 ], [ 4.212166986486058, 6.387124005695057 ], [ 4.162327986205717, 6.394086005598353 ], [ 4.161814986202725, 6.39415800559733 ], [ 4.119292985939876, 6.405308005501737 ], [ 4.080438985690634, 6.411848005416127 ], [ 4.044345985443337, 6.41998800532963 ], [ 4.038809985405288, 6.420614005317047 ], [ 4.000656985135192, 6.424925005227943 ], [ 3.934421984640455, 6.428073005070103 ], [ 3.918098984506936, 6.431331005025033 ], [ 3.91299498446676, 6.431252005012575 ], [ 3.853694983980554, 6.430328004861613 ], [ 3.827942983746462, 6.434986004783873 ], [ 3.81299398361251, 6.435248004741748 ], [ 3.787043983379923, 6.433229004670902 ], [ 3.77273598324854, 6.432116004630796 ], [ 3.747653983021687, 6.426649004564666 ], [ 3.671505982269081, 6.418296004335086 ], [ 3.661677982163342, 6.418482004301555 ], [ 3.60365798151281, 6.419581004095034 ], [ 3.535303980701162, 6.416456003839995 ], [ 3.521539980529789, 6.415826003785964 ], [ 3.478522979982395, 6.412224003614049 ], [ 3.464724979791411, 6.41362900355218 ], [ 3.409287979033696, 6.40889400331271 ], [ 3.399616978922558, 6.401781003281154 ], [ 3.395931978883026, 6.398337003270409 ], [ 3.395004978886621, 6.394198003273909 ], [ 3.390860978839345, 6.390985003260489 ], [ 3.359163978345708, 6.395742003098769 ], [ 3.35521897828294, 6.396335003078213 ], [ 3.293120977294243, 6.397354002758244 ], [ 3.232767976272299, 6.396795002426973 ], [ 3.207790975828905, 6.396563002282821 ], [ 3.167536975108689, 6.392480002049095 ], [ 3.136484974521331, 6.39114300185726 ], [ 3.106552973929438, 6.390997001663207 ], [ 3.06288597303074, 6.390781001367791 ], [ 3.029768972305424, 6.392893001128619 ], [ 3.000097971656407, 6.391318000914267 ], [ 2.980273971193129, 6.392885000761034 ], [ 2.979398971172448, 6.392954000754194 ], [ 2.90487996938982, 6.391888000162179 ], [ 2.870146968531588, 6.388704999875186 ], [ 2.853980968111961, 6.388432999734835 ], [ 2.84438796785961, 6.388271999650347 ], [ 2.782510966256072, 6.377521999107442 ], [ 2.728739964747517, 6.372006998594662 ], [ 2.72247896456663, 6.371364998532965 ], [ 2.709603964202868, 6.36881999840794 ], [ 2.708296963774157, 6.409360998288752 ], [ 2.706280963555092, 6.425604998225457 ], [ 2.710711963432048, 6.452597998201345 ], [ 2.717429963466647, 6.470749998224045 ], [ 2.718329963438418, 6.476607998218221 ], [ 2.719301963407983, 6.482933998211947 ], [ 2.720288963199971, 6.507770998158101 ], [ 2.720551633040047, 6.508877437849347 ] ] ] } },
{ "type": "Feature", "properties": { "LAYER": "Zone IVa", "GM_TYPE": "Unknown Area Type", "NAME": "IVa", "ZONE": "IVa", "CLOSED": "YES", "BORDER_STY": "Solid", "BORDER_COL": "RGB(0,0,0)", "BORDER_WID": 1, "FILL_STYLE": "Black Cross Pattern", "FILL_COLOR": "RGB(255,255,255)", "LABEL_POS": "8.2343885666,7.7560744693", "FONT_NAME": "Times New Roman", "FONT_SIZE": 20, "FONT_COLOR": "RGB(0,0,0)", "FONT_CHARS": 0, "FONT_WEIGH": 700 }, "geometry": { "type": "Polygon", "coordinates": [ [ [ 9.68169896845008, 6.86558023457411 ], [ 9.68169896845008, 6.865580234574106 ], [ 9.595344221423167, 6.798372134907503 ], [ 9.540483029626467, 6.755010053269385 ], [ 9.444054267709152, 6.709792213562907 ], [ 9.328768643452142, 6.698554065091968 ], [ 9.228613725658306, 6.706163573917802 ], [ 9.151125170149507, 6.687311681404519 ], [ 9.111429663788853, 6.64011744653798 ], [ 9.111416980175134, 6.583471556131999 ], [ 9.14918844715997, 6.530592174061961 ], [ 9.220931218912849, 6.426714994286068 ], [ 9.317348097776639, 6.270294259452911 ], [ 9.310824989989319, 6.262607007482984 ], [ 9.295405989980953, 6.233064007526546 ], [ 9.289714989978625, 6.225435007537581 ], [ 9.285877989975946, 6.21551900755239 ], [ 9.265647989966682, 6.1841010075983 ], [ 9.25493998996515, 6.181938007600253 ], [ 9.249123989964332, 6.18076300760131 ], [ 9.241332989962826, 6.177487007605365 ], [ 9.229163989961279, 6.17578900760641 ], [ 9.213354989958203, 6.169007007614834 ], [ 9.18683698995113, 6.149498007641544 ], [ 9.179088989948289, 6.140473007654498 ], [ 9.167667989944935, 6.130732007668073 ], [ 9.159648989939207, 6.109500007699896 ], [ 9.152336989933985, 6.090145007728933 ], [ 9.135453989928489, 6.073463007752576 ], [ 9.107146989919853, 6.047958007788419 ], [ 9.104165989919352, 6.047016007789487 ], [ 9.073354989910221, 6.020352007826814 ], [ 9.06717698990839, 6.015005007834302 ], [ 9.043673989900974, 5.992752007865772 ], [ 9.037270989899392, 5.988564007871434 ], [ 9.000525989888192, 5.955401007918129 ], [ 8.995519989886207, 5.948923007927545 ], [ 8.977882989882106, 5.938434007941518 ], [ 8.969671989880199, 5.933549007948024 ], [ 8.933938989870123, 5.904737007988119 ], [ 8.915811989867194, 5.899369007994036 ], [ 8.906895989864202, 5.890143008007224 ], [ 8.889335989856018, 5.862233008048417 ], [ 8.862061989850186, 5.848084008066803 ], [ 8.851577989845094, 5.830563008092758 ], [ 8.84286598984337, 5.826614008097746 ], [ 8.841040989842606, 5.824076008101462 ], [ 8.847538989839954, 5.810309008123894 ], [ 8.853541989839046, 5.804128008134397 ], [ 8.865734989839359, 5.80073500814138 ], [ 8.868274989838939, 5.797987008146031 ], [ 8.869445989837974, 5.793393008153396 ], [ 8.867874989835933, 5.785338008165803 ], [ 8.864913989834404, 5.780036008173706 ], [ 8.854382989831644, 5.772401008184225 ], [ 8.85255998983077, 5.769403008188672 ], [ 8.851663989829548, 5.764570008196127 ], [ 8.859055989828228, 5.756096008210444 ], [ 8.858845989827234, 5.751956008216915 ], [ 8.851779989823866, 5.740427008234036 ], [ 8.828033989814559, 5.71019600827824 ], [ 8.824814989814426, 5.710871008276729 ], [ 8.818799989815929, 5.719582008262206 ], [ 8.816755989814601, 5.714744008269522 ], [ 8.817836989812969, 5.707426008281172 ], [ 8.819605989810311, 5.695441008300269 ], [ 8.82216298980908, 5.689244008310373 ], [ 8.831846989808136, 5.68147000832396 ], [ 8.835792989806498, 5.672980008337875 ], [ 8.851678989806183, 5.665463008351939 ], [ 8.858182989803218, 5.650316008376723 ], [ 8.864428989801583, 5.640915008392425 ], [ 8.875047989799977, 5.629926008411255 ], [ 8.884264989799377, 5.623758008422291 ], [ 8.894339989798011, 5.613968008439166 ], [ 8.895571989797844, 5.612771008441228 ], [ 8.902042989796396, 5.604061008455905 ], [ 8.906001989794063, 5.592581008474618 ], [ 8.907000989790156, 5.575568008501682 ], [ 8.904512989788032, 5.56750800851409 ], [ 8.894913989784795, 5.557577008528463 ], [ 8.890162989780722, 5.542147008552238 ], [ 8.878191902490109, 5.526008301921437 ], [ 8.719933511892441, 5.525954754149367 ], [ 8.541428145095875, 5.559739205345281 ], [ 8.329019674510834, 5.624243085415233 ], [ 8.110436126843574, 5.676330006816259 ], [ 7.931876933019397, 5.706837366020068 ], [ 7.827174122629215, 5.737441892897565 ], [ 7.602402206885492, 5.780065099736249 ], [ 7.494570399972711, 5.822915519962722 ], [ 7.402168710427346, 5.84730358730427 ], [ 7.272820309805456, 5.8746414278503 ], [ 7.21425558078531, 5.902177287961131 ], [ 7.109487960455855, 5.938788879087984 ], [ 7.094194158278739, 5.944988142673798 ], [ 7.032314693327091, 6.032209736965376 ], [ 6.909218443715038, 6.114661233738698 ], [ 6.666352025959905, 6.199628065001932 ], [ 6.266391882991996, 6.39739551901477 ], [ 6.051153515490531, 6.511120016345389 ], [ 5.8643353552482, 6.665102445541239 ], [ 5.66314861512063, 6.831525319850594 ], [ 5.397984753829164, 7.119722672431306 ], [ 5.221994494810903, 7.316773249404016 ], [ 4.976696608203971, 7.704304586173528 ], [ 4.866463630925267, 7.823420148778979 ], [ 4.800825536024284, 7.87998855920045 ], [ 4.716564642555897, 7.884855511205288 ], [ 4.622502430884245, 7.912483511183476 ], [ 4.493915208662719, 7.947336030933337 ], [ 4.285963449318047, 7.99723977570526 ], [ 4.148308904450999, 8.026564600947836 ], [ 3.97124365261415, 8.057726741857405 ], [ 3.870889042096454, 8.064802516666944 ], [ 3.758844578241822, 8.053872021379416 ], [ 3.592468975122436, 8.063995575969694 ], [ 3.452419513528989, 8.098947260640072 ], [ 3.357692157758309, 8.134467817952428 ], [ 3.230044345719623, 8.21936400460268 ], [ 3.112287694347102, 8.278207052507753 ], [ 3.02094649861891, 8.324332214687878 ], [ 2.893695430928433, 8.378174098721688 ], [ 2.745493053470702, 8.464879293560978 ], [ 2.749059943199194, 8.472766993701933 ], [ 2.756928943510279, 8.482614993779357 ], [ 2.750028943049758, 8.489751993674862 ], [ 2.750730943044426, 8.493422993675319 ], [ 2.761836943508626, 8.505327993789111 ], [ 2.760925943407689, 8.509692993767509 ], [ 2.761236943375513, 8.513854993761848 ], [ 2.761884943308268, 8.522546993750037 ], [ 2.74945694249981, 8.533142993566827 ], [ 2.749700942455548, 8.537963993558787 ], [ 2.75433994260524, 8.54690499359768 ], [ 2.758763942674735, 8.561583993620429 ], [ 2.750040941997626, 8.577681993471218 ], [ 2.749133941877735, 8.583423993446205 ], [ 2.749193941859618, 8.585206993442863 ], [ 2.750135941574123, 8.613269993390208 ], [ 2.750390941497062, 8.620843993376033 ], [ 2.749059941185488, 8.640363993313702 ], [ 2.746536940972055, 8.646110993267534 ], [ 2.738933940480059, 8.650724993157102 ], [ 2.73755994035007, 8.654861993129375 ], [ 2.73942194038414, 8.660826993140105 ], [ 2.746130940699945, 8.66654799321503 ], [ 2.741314940284859, 8.677812993125732 ], [ 2.744109940331003, 8.687218993140792 ], [ 2.750378940532921, 8.700288993192904 ], [ 2.746019940163147, 8.709944993113508 ], [ 2.74511594002055, 8.717295993084672 ], [ 2.746088939857365, 8.735202993056275 ], [ 2.744034939627106, 8.744163993008518 ], [ 2.741196939414643, 8.747886992962327 ], [ 2.733681938848302, 8.757741992839312 ], [ 2.728412938346939, 8.772682992733808 ], [ 2.730273938389145, 8.778188992746147 ], [ 2.73768793871707, 8.787353992824539 ], [ 2.739322938728682, 8.794236992830546 ], [ 2.744880938987864, 8.799962992891471 ], [ 2.755740939597897, 8.802456993029285 ], [ 2.759788939807516, 8.804716993077209 ], [ 2.761059939873182, 8.80542699309221 ], [ 2.763380939955808, 8.809782993112607 ], [ 2.758790939566683, 8.819671993030116 ], [ 2.758126939401317, 8.830007992997896 ], [ 2.761188939318288, 8.851584992989109 ], [ 2.759361939169027, 8.854954992957465 ], [ 2.75682393896106, 8.859634992913396 ], [ 2.757065938927483, 8.863538992907715 ], [ 2.757992938965715, 8.86491399291682 ], [ 2.768161939539628, 8.867180993045057 ], [ 2.773552939523554, 8.894722993053248 ], [ 2.770346939211447, 8.904837992988728 ], [ 2.761563938710814, 8.90302699287756 ], [ 2.758331938508746, 8.903724992833286 ], [ 2.758281938494195, 8.904662992830502 ], [ 2.758112938444673, 8.907858992821025 ], [ 2.759741938488755, 8.912217992832712 ], [ 2.763910938690711, 8.91610999287893 ], [ 2.76853393895554, 8.91701499293762 ], [ 2.770617939057245, 8.918845992960771 ], [ 2.781782939400158, 8.945223993046971 ], [ 2.778101939115204, 8.950746992986877 ], [ 2.771176938676616, 8.952834992891773 ], [ 2.77488593884547, 8.957187992930551 ], [ 2.785764939409466, 8.964045993056546 ], [ 2.788785939513894, 8.970236993081754 ], [ 2.787410939385702, 8.974145993055352 ], [ 2.783032939075837, 8.978292992989505 ], [ 2.78212093896878, 8.982658992967954 ], [ 2.787443939252581, 8.985399993030809 ], [ 2.788605939294033, 8.987692993040719 ], [ 2.786766939148833, 8.990684993010333 ], [ 2.779835938723685, 8.991623992918255 ], [ 2.777765938560387, 8.994844992884067 ], [ 2.782410938738992, 9.00309999292625 ], [ 2.780800938611755, 9.005630992899647 ], [ 2.772255938073591, 9.007493992783544 ], [ 2.772033938020725, 9.010710992773424 ], [ 2.782679938596657, 9.016190992900659 ], [ 2.784075938641637, 9.019402992911701 ], [ 2.783158938555919, 9.021931992894153 ], [ 2.776106938109307, 9.023652992798109 ], [ 2.775537938073121, 9.02379199279032 ], [ 2.774157937961237, 9.02609299276704 ], [ 2.782493938396119, 9.031809992863559 ], [ 2.782740938344145, 9.037321992854547 ], [ 2.785998938448999, 9.044890992880227 ], [ 2.77908393794913, 9.051573992775038 ], [ 2.778263937872047, 9.053800992759324 ], [ 2.780914937894215, 9.065206992768795 ], [ 2.837314941243968, 9.064243993487601 ], [ 2.854418942217139, 9.064458993695684 ], [ 2.867591942982644, 9.062148993858449 ], [ 2.879151943596308, 9.064663993989772 ], [ 2.881932943659811, 9.072928994005055 ], [ 2.891462944104304, 9.08020999410093 ], [ 2.896043944316779, 9.083709994146652 ], [ 2.912921945187481, 9.087594994331589 ], [ 2.953381947261516, 9.092598994769393 ], [ 2.956386947418312, 9.092364994802319 ], [ 2.96399994793449, 9.07949299490986 ], [ 2.984101949013399, 9.072344995136232 ], [ 2.994274949500727, 9.073936995238528 ], [ 3.008143950177743, 9.073916995380378 ], [ 3.018780950665025, 9.076656995482258 ], [ 3.035432951400801, 9.082831995635603 ], [ 3.042599951731748, 9.083509995704501 ], [ 3.051389952113309, 9.086711995783677 ], [ 3.056247952312171, 9.089688995824771 ], [ 3.083538953486659, 9.097910996067347 ], [ 3.088168953663538, 9.101577996103437 ], [ 3.09214495360202, 9.129823996087138 ], [ 3.101431953824747, 9.152776996129717 ], [ 3.120916954397492, 9.188113996241068 ], [ 3.123698954486408, 9.192243996258432 ], [ 3.121895954188808, 9.218663996193538 ], [ 3.122161954037367, 9.23841899615956 ], [ 3.12634995411062, 9.25219399617197 ], [ 3.131681954291511, 9.259074996207165 ], [ 3.14998095498857, 9.272592996344473 ], [ 3.157169955223268, 9.282455996389364 ], [ 3.158343955203093, 9.291412996383404 ], [ 3.153750954857354, 9.309570996310558 ], [ 3.151921954680955, 9.321520996272939 ], [ 3.151492954519623, 9.33921099623721 ], [ 3.153622954408793, 9.364707996209962 ], [ 3.152564520871584, 9.371088344592458 ], [ 3.22856582904573, 9.381790476248803 ], [ 3.360587216941203, 9.389755891665409 ], [ 3.543078756255549, 9.366386752519775 ], [ 3.714508185882762, 9.298995531450732 ], [ 3.955280388653224, 9.18290259513738 ], [ 4.076932751552095, 9.097041680796163 ], [ 4.242787067427901, 8.997090857969143 ], [ 4.437692314407006, 8.917812876205444 ], [ 4.516899304544302, 8.927538422622389 ], [ 4.737097540824313, 8.944740839357017 ], [ 4.963193035598185, 8.967727920425006 ], [ 5.086109819553301, 9.021646564342344 ], [ 5.311739486102963, 9.105817879615641 ], [ 5.443566705203713, 9.165591638435846 ], [ 5.636834253206954, 9.272691343508228 ], [ 5.791707690015993, 9.453533089393595 ], [ 5.910863499063612, 9.638834640254334 ], [ 6.001021101487189, 9.780009150535099 ], [ 6.091759030308121, 9.86269105361807 ], [ 6.21499034551629, 9.948557987800525 ], [ 6.267835910452472, 9.984095931025051 ], [ 6.269370527570901, 9.986195328639335 ], [ 6.283078958155288, 9.959576137258239 ], [ 6.32514569511332, 9.840653719516617 ], [ 6.367217754627758, 9.715899822416972 ], [ 6.374256139600832, 9.564687240774285 ], [ 6.341838430723727, 9.364193731525184 ], [ 6.312190734902004, 9.033290654804849 ], [ 6.293484914438976, 8.798197337668821 ], [ 6.266428718377966, 8.506717738523443 ], [ 6.253744015286911, 8.2368669526278 ], [ 6.252719852975605, 7.958393856223626 ], [ 6.266586375366226, 7.616196462234911 ], [ 6.287979029512346, 7.450983636163274 ], [ 6.37845719384749, 7.396409180151645 ], [ 6.491967100826735, 7.379654756994394 ], [ 6.651717854094647, 7.418244658128331 ], [ 6.776471637347466, 7.482727744305729 ], [ 6.924438677783602, 7.570513838669974 ], [ 7.069471912556629, 7.678568704171918 ], [ 7.135932592334433, 7.792058664657644 ], [ 7.205362301856221, 7.899753599820417 ], [ 7.265886012976945, 8.053849266464935 ], [ 7.273756793859737, 8.257066819091811 ], [ 7.298938214727495, 8.445617095407501 ], [ 7.321553708299327, 8.603396416672812 ], [ 7.321163567127702, 8.691510447281406 ], [ 7.404598093433609, 8.812452655297783 ], [ 7.467893846784788, 8.965241670712327 ], [ 7.757818268278778, 8.94879629209152 ], [ 8.109423547886434, 8.9209374434369 ], [ 8.548142784261181, 8.910180558197361 ], [ 8.777653576769454, 8.936375422943197 ], [ 8.96651839241137, 8.962427578809047 ], [ 9.056600193651345, 8.962424763837491 ], [ 9.233842543841234, 8.939255771003712 ], [ 9.384926549948332, 8.930467565832705 ], [ 9.480862024373961, 8.970778584013587 ], [ 9.670202202188941, 9.076367566794501 ], [ 9.868152718424426, 9.238785082680847 ], [ 9.803110289457099, 9.139473903507023 ], [ 9.703691279749465, 8.950352416710999 ], [ 9.626828225891513, 8.787144827951247 ], [ 9.505059615552852, 8.45472543654853 ], [ 9.432944679883899, 8.204619131877466 ], [ 9.396895046202497, 8.049772803941245 ], [ 9.366880237108404, 7.924701287558389 ], [ 9.351768289937763, 7.728127659665863 ], [ 9.384547453982275, 7.48309332595517 ], [ 9.4440830461589, 7.292406130901834 ], [ 9.512593526720005, 7.164253614627758 ], [ 9.598910070132595, 6.991391586935928 ], [ 9.68169896845008, 6.86558023457411 ] ] ] } }
]
}
